USE [ZhCunWin]
GO
/****** Object:  Table [dbo].[Sys_Role_Menu]    Script Date: 05/27/2020 23:24:37 ******/
INSERT [dbo].[Sys_Role_Menu] ([Id], [PId], [RoleId], [MenuId], [MenuCaption], [MenuName], [IsMenuSplit], [ControlRights], [OrderNo], [IsMenu], [IsModalForm], [ToolBarVisible], [ToolBarCaption], [ToolBarIcon], [ToolBarOrderNo], [ToolBarSplit], [AddTime], [AddUserId], [AddHost], [LastTime], [LastHost], [LastUserId]) VALUES (N'00', N'', N'00', NULL, N'系统管理', NULL, 0, NULL, 0, 0, 0, 0, NULL, NULL, 0, 0, CAST(0x0000ABBE014FF6D9 AS DateTime), N'admin', NULL, NULL, NULL, NULL)
INSERT [dbo].[Sys_Role_Menu] ([Id], [PId], [RoleId], [MenuId], [MenuCaption], [MenuName], [IsMenuSplit], [ControlRights], [OrderNo], [IsMenu], [IsModalForm], [ToolBarVisible], [ToolBarCaption], [ToolBarIcon], [ToolBarOrderNo], [ToolBarSplit], [AddTime], [AddUserId], [AddHost], [LastTime], [LastHost], [LastUserId]) VALUES (N'0001', N'00', N'00', N'0101', N'菜单维护', N'ZhCun.Win.MenuRole.FrmMenu,ZhCun.Win', 0, N'A-groupBox2.toolStripTop1.tsBtnEdit:True;
A-groupBox2.toolStripTop1.tsBtnDelete:True;
', 1, 1, 0, 1, N'菜单', N'tree-node1.png', 10, 0, CAST(0x0000ABBE01500880 AS DateTime), N'admin', NULL, CAST(0x0000ABC100818802 AS DateTime), N'192.168.1.38', N'00')
INSERT [dbo].[Sys_Role_Menu] ([Id], [PId], [RoleId], [MenuId], [MenuCaption], [MenuName], [IsMenuSplit], [ControlRights], [OrderNo], [IsMenu], [IsModalForm], [ToolBarVisible], [ToolBarCaption], [ToolBarIcon], [ToolBarOrderNo], [ToolBarSplit], [AddTime], [AddUserId], [AddHost], [LastTime], [LastHost], [LastUserId]) VALUES (N'0002', N'00', N'00', N'0102', N'角色菜单维护', N'ZhCun.Win.MenuRole.FrmRoleMenu,ZhCun.Win', 1, N'', 2, 1, 0, 1, N'菜单角色', N'fuzhijizhang.png', 11, 0, CAST(0x0000ABBE01500880 AS DateTime), N'admin', NULL, CAST(0x0000ABC10081953C AS DateTime), N'192.168.1.38', N'00')
INSERT [dbo].[Sys_Role_Menu] ([Id], [PId], [RoleId], [MenuId], [MenuCaption], [MenuName], [IsMenuSplit], [ControlRights], [OrderNo], [IsMenu], [IsModalForm], [ToolBarVisible], [ToolBarCaption], [ToolBarIcon], [ToolBarOrderNo], [ToolBarSplit], [AddTime], [AddUserId], [AddHost], [LastTime], [LastHost], [LastUserId]) VALUES (N'0003', N'00', N'00', N'0103', N'表格字段维护', N'ZhCun.Win.ExtendGridView.FrmGridColumn,ZhCun.Win', 0, N'A-toolStripTop.tsBtnAdd:True;
A-toolStripTop.tsBtnCopyAdd:True;
A-toolStripTop.tsBtnEdit:True;
A-toolStripTop.tsBtnDelete:True;
', 3, 1, 0, 1, N'表格字段', N'account.png', 13, 0, CAST(0x0000ABBF011C97F2 AS DateTime), N'admin', NULL, CAST(0x0000ABC100BFD93D AS DateTime), N'192.168.1.38', N'00')
INSERT [dbo].[Sys_Role_Menu] ([Id], [PId], [RoleId], [MenuId], [MenuCaption], [MenuName], [IsMenuSplit], [ControlRights], [OrderNo], [IsMenu], [IsModalForm], [ToolBarVisible], [ToolBarCaption], [ToolBarIcon], [ToolBarOrderNo], [ToolBarSplit], [AddTime], [AddUserId], [AddHost], [LastTime], [LastHost], [LastUserId]) VALUES (N'0004', N'00', N'00', N'0104', N'表格选择器维护', N'ZhCun.Win.ExtendGridCombox.FrmGridCombox,ZhCun.Win', 0, N'', 4, 1, 0, 1, N'表格选择器', N'部门.png', 14, 1, CAST(0x0000ABBF011D9CB1 AS DateTime), N'admin', NULL, CAST(0x0000ABC100BFDD5D AS DateTime), N'192.168.1.38', N'00')
INSERT [dbo].[Sys_Role_Menu] ([Id], [PId], [RoleId], [MenuId], [MenuCaption], [MenuName], [IsMenuSplit], [ControlRights], [OrderNo], [IsMenu], [IsModalForm], [ToolBarVisible], [ToolBarCaption], [ToolBarIcon], [ToolBarOrderNo], [ToolBarSplit], [AddTime], [AddUserId], [AddHost], [LastTime], [LastHost], [LastUserId]) VALUES (N'0172261F498373FCA81801', N'', N'01', NULL, N'配置管理', NULL, 0, NULL, 2, 0, 0, 0, NULL, NULL, 0, 0, CAST(0x0000ABBF00D3DF41 AS DateTime), N'00', NULL, CAST(0x0000ABC8017D855E AS DateTime), N'192.168.1.38', N'00')
INSERT [dbo].[Sys_Role_Menu] ([Id], [PId], [RoleId], [MenuId], [MenuCaption], [MenuName], [IsMenuSplit], [ControlRights], [OrderNo], [IsMenu], [IsModalForm], [ToolBarVisible], [ToolBarCaption], [ToolBarIcon], [ToolBarOrderNo], [ToolBarSplit], [AddTime], [AddUserId], [AddHost], [LastTime], [LastHost], [LastUserId]) VALUES (N'0172261F553DC1F382C501', N'', N'01', NULL, N'日常操作', NULL, 0, NULL, 3, 0, 0, 0, NULL, NULL, 0, 0, CAST(0x0000ABBF00D3E2C5 AS DateTime), N'00', NULL, CAST(0x0000ABC8017D855E AS DateTime), N'192.168.1.38', N'00')
INSERT [dbo].[Sys_Role_Menu] ([Id], [PId], [RoleId], [MenuId], [MenuCaption], [MenuName], [IsMenuSplit], [ControlRights], [OrderNo], [IsMenu], [IsModalForm], [ToolBarVisible], [ToolBarCaption], [ToolBarIcon], [ToolBarOrderNo], [ToolBarSplit], [AddTime], [AddUserId], [AddHost], [LastTime], [LastHost], [LastUserId]) VALUES (N'0172261F8D0BB7D8F34501', N'', N'01', NULL, N'统计查询', NULL, 0, NULL, 3, 0, 0, 0, NULL, NULL, 0, 0, CAST(0x0000ABBF00D3F383 AS DateTime), N'00', NULL, CAST(0x0000ABC8017D855E AS DateTime), N'192.168.1.38', N'00')
INSERT [dbo].[Sys_Role_Menu] ([Id], [PId], [RoleId], [MenuId], [MenuCaption], [MenuName], [IsMenuSplit], [ControlRights], [OrderNo], [IsMenu], [IsModalForm], [ToolBarVisible], [ToolBarCaption], [ToolBarIcon], [ToolBarOrderNo], [ToolBarSplit], [AddTime], [AddUserId], [AddHost], [LastTime], [LastHost], [LastUserId]) VALUES (N'01722C5E2E48B2894A1401', N'', N'00', NULL, N'配置管理', NULL, 0, NULL, 2, 0, 0, 0, NULL, NULL, 0, 0, CAST(0x0000ABC001280849 AS DateTime), N'00', N'192.168.1.38', NULL, NULL, NULL)
INSERT [dbo].[Sys_Role_Menu] ([Id], [PId], [RoleId], [MenuId], [MenuCaption], [MenuName], [IsMenuSplit], [ControlRights], [OrderNo], [IsMenu], [IsModalForm], [ToolBarVisible], [ToolBarCaption], [ToolBarIcon], [ToolBarOrderNo], [ToolBarSplit], [AddTime], [AddUserId], [AddHost], [LastTime], [LastHost], [LastUserId]) VALUES (N'01722C5EAF4586E4578A01', N'01722C5E2E48B2894A1401', N'00', N'01722C41F8A58740538A01', N'账户管理', N'ZhCun.AccountManager.FrmAccount,AccountManager', 0, N'A-toolStripTop.tsBtnAdd:True;
A-toolStripTop.tsBtnCopyAdd:True;
A-toolStripTop.tsBtnEdit:True;
A-toolStripTop.tsBtnDelete:True;
', 1, 1, 0, 1, N'账户', N'说的是对的\tree-node0.png', 1, 0, CAST(0x0000ABC001282EFB AS DateTime), N'00', N'192.168.1.38', CAST(0x0000ABC2016574BF AS DateTime), N'192.168.1.16', N'00')
INSERT [dbo].[Sys_Role_Menu] ([Id], [PId], [RoleId], [MenuId], [MenuCaption], [MenuName], [IsMenuSplit], [ControlRights], [OrderNo], [IsMenu], [IsModalForm], [ToolBarVisible], [ToolBarCaption], [ToolBarIcon], [ToolBarOrderNo], [ToolBarSplit], [AddTime], [AddUserId], [AddHost], [LastTime], [LastHost], [LastUserId]) VALUES (N'01722C5F0821CD88EFE801', N'01722C5E2E48B2894A1401', N'00', N'01722C4D5D8C7530843601', N'账目类型管理', N'ZhCun.AccountManager.FrmConsumeType,AccountManager', 0, N'A-toolStripTop.tsBtnAdd:True;
A-toolStripTop.tsBtnCopyAdd:True;
A-toolStripTop.tsBtnEdit:True;
A-toolStripTop.tsBtnDelete:True;
', 2, 1, 0, 1, N'账目类型', N'consumeType.png', 2, 0, CAST(0x0000ABC0012849A4 AS DateTime), N'00', N'192.168.1.38', CAST(0x0000ABC201659744 AS DateTime), N'192.168.1.16', N'00')
INSERT [dbo].[Sys_Role_Menu] ([Id], [PId], [RoleId], [MenuId], [MenuCaption], [MenuName], [IsMenuSplit], [ControlRights], [OrderNo], [IsMenu], [IsModalForm], [ToolBarVisible], [ToolBarCaption], [ToolBarIcon], [ToolBarOrderNo], [ToolBarSplit], [AddTime], [AddUserId], [AddHost], [LastTime], [LastHost], [LastUserId]) VALUES (N'01722C5F5059FA9A763601', N'01722C5E2E48B2894A1401', N'00', N'01722C4DEA694A3031C601', N'类型分类管理', N'ZhCun.AccountManager.FrmConsumeTypeTree,AccountManager', 0, N'', 3, 1, 1, 0, N'', N'', 0, 0, CAST(0x0000ABC001285F4E AS DateTime), N'00', N'192.168.1.38', CAST(0x0000ABC100F32BF2 AS DateTime), N'192.168.1.38', N'00')
INSERT [dbo].[Sys_Role_Menu] ([Id], [PId], [RoleId], [MenuId], [MenuCaption], [MenuName], [IsMenuSplit], [ControlRights], [OrderNo], [IsMenu], [IsModalForm], [ToolBarVisible], [ToolBarCaption], [ToolBarIcon], [ToolBarOrderNo], [ToolBarSplit], [AddTime], [AddUserId], [AddHost], [LastTime], [LastHost], [LastUserId]) VALUES (N'01722C6042430FE21E6201', N'', N'00', NULL, N'日常操作', NULL, 0, NULL, 3, 0, 0, 0, NULL, NULL, 0, 0, CAST(0x0000ABC00128A7E1 AS DateTime), N'00', N'192.168.1.38', NULL, NULL, NULL)
INSERT [dbo].[Sys_Role_Menu] ([Id], [PId], [RoleId], [MenuId], [MenuCaption], [MenuName], [IsMenuSplit], [ControlRights], [OrderNo], [IsMenu], [IsModalForm], [ToolBarVisible], [ToolBarCaption], [ToolBarIcon], [ToolBarOrderNo], [ToolBarSplit], [AddTime], [AddUserId], [AddHost], [LastTime], [LastHost], [LastUserId]) VALUES (N'01722C6131E1211C64AD01', N'01722C6042430FE21E6201', N'00', N'01722C5128851626590B00', N'记账', N'ZhCun.AccountManager.FrmConsume,AccountManager', 0, N'', 0, 1, 0, 1, N'记账', N'jizhang.png', 3, 1, CAST(0x0000ABC00128EFC4 AS DateTime), N'00', N'192.168.1.38', CAST(0x0000ABC201652C5E AS DateTime), N'192.168.1.16', N'00')
INSERT [dbo].[Sys_Role_Menu] ([Id], [PId], [RoleId], [MenuId], [MenuCaption], [MenuName], [IsMenuSplit], [ControlRights], [OrderNo], [IsMenu], [IsModalForm], [ToolBarVisible], [ToolBarCaption], [ToolBarIcon], [ToolBarOrderNo], [ToolBarSplit], [AddTime], [AddUserId], [AddHost], [LastTime], [LastHost], [LastUserId]) VALUES (N'01722C62051B16F5FFA001', N'', N'00', NULL, N'统计查询', NULL, 0, NULL, 4, 0, 0, 0, NULL, NULL, 0, 0, CAST(0x0000ABC001292F21 AS DateTime), N'00', N'192.168.1.38', NULL, NULL, NULL)
INSERT [dbo].[Sys_Role_Menu] ([Id], [PId], [RoleId], [MenuId], [MenuCaption], [MenuName], [IsMenuSplit], [ControlRights], [OrderNo], [IsMenu], [IsModalForm], [ToolBarVisible], [ToolBarCaption], [ToolBarIcon], [ToolBarOrderNo], [ToolBarSplit], [AddTime], [AddUserId], [AddHost], [LastTime], [LastHost], [LastUserId]) VALUES (N'01722C622EDA31B8264601', N'01722C62051B16F5FFA001', N'00', N'01722C5A2650C9BC8CC701', N'综合业务明细查询', N'ZhCun.AccountManager.ViewReport.FrmDetailView,AccountManager', 0, N'', 1, 1, 0, 0, N'', N'', 0, 0, CAST(0x0000ABC001293BA8 AS DateTime), N'00', N'192.168.1.38', CAST(0x0000ABC2011564B9 AS DateTime), N'192.168.1.38', N'00')
INSERT [dbo].[Sys_Role_Menu] ([Id], [PId], [RoleId], [MenuId], [MenuCaption], [MenuName], [IsMenuSplit], [ControlRights], [OrderNo], [IsMenu], [IsModalForm], [ToolBarVisible], [ToolBarCaption], [ToolBarIcon], [ToolBarOrderNo], [ToolBarSplit], [AddTime], [AddUserId], [AddHost], [LastTime], [LastHost], [LastUserId]) VALUES (N'01722C62920FFBB6F35001', N'01722C62051B16F5FFA001', N'00', N'01722C5C36D754A9E18301', N'类型统计查询', N'ZhCun.AccountManager.ViewReport.FrmTypeSum,AccountManager', 0, N'', 2, 1, 0, 0, N'', N'', 0, 0, CAST(0x0000ABC00129596B AS DateTime), N'00', N'192.168.1.38', CAST(0x0000ABC401882302 AS DateTime), N'192.168.1.16', N'00')
INSERT [dbo].[Sys_Role_Menu] ([Id], [PId], [RoleId], [MenuId], [MenuCaption], [MenuName], [IsMenuSplit], [ControlRights], [OrderNo], [IsMenu], [IsModalForm], [ToolBarVisible], [ToolBarCaption], [ToolBarIcon], [ToolBarOrderNo], [ToolBarSplit], [AddTime], [AddUserId], [AddHost], [LastTime], [LastHost], [LastUserId]) VALUES (N'01722C62BF31652019E301', N'01722C62051B16F5FFA001', N'00', N'01722C5CADECD81A33C601', N'账户统计查询', N'ZhCun.AccountManager.ViewReport.FrmAccountSum,AccountManager', 0, N'', 3, 1, 0, 0, N'', N'', 0, 0, CAST(0x0000ABC0012966F5 AS DateTime), N'00', N'192.168.1.38', CAST(0x0000ABC4018837B0 AS DateTime), N'192.168.1.16', N'00')
INSERT [dbo].[Sys_Role_Menu] ([Id], [PId], [RoleId], [MenuId], [MenuCaption], [MenuName], [IsMenuSplit], [ControlRights], [OrderNo], [IsMenu], [IsModalForm], [ToolBarVisible], [ToolBarCaption], [ToolBarIcon], [ToolBarOrderNo], [ToolBarSplit], [AddTime], [AddUserId], [AddHost], [LastTime], [LastHost], [LastUserId]) VALUES (N'01722C62DE81FB022AC101', N'01722C62051B16F5FFA001', N'00', N'01722C5D40D83068FC4701', N'日报查询', N'ZhCun.AccountManager.ViewReport.FrmDayView,AccountManager', 0, N'', 5, 1, 0, 0, N'', N'', 0, 0, CAST(0x0000ABC00129705A AS DateTime), N'00', N'192.168.1.38', CAST(0x0000ABC4018918B3 AS DateTime), N'192.168.1.16', N'00')
INSERT [dbo].[Sys_Role_Menu] ([Id], [PId], [RoleId], [MenuId], [MenuCaption], [MenuName], [IsMenuSplit], [ControlRights], [OrderNo], [IsMenu], [IsModalForm], [ToolBarVisible], [ToolBarCaption], [ToolBarIcon], [ToolBarOrderNo], [ToolBarSplit], [AddTime], [AddUserId], [AddHost], [LastTime], [LastHost], [LastUserId]) VALUES (N'01722C6319026473560501', N'01722C62051B16F5FFA001', N'00', N'01724239785D997979D701', N'资金统计查询', N'ZhCun.AccountManager.ViewReport.FrmBalanceSum,AccountManager', 0, N'', 4, 1, 0, 0, N'', N'', 0, 0, CAST(0x0000ABC0012981E7 AS DateTime), N'00', N'192.168.1.38', CAST(0x0000ABC4018911B4 AS DateTime), N'192.168.1.16', N'00')
INSERT [dbo].[Sys_Role_Menu] ([Id], [PId], [RoleId], [MenuId], [MenuCaption], [MenuName], [IsMenuSplit], [ControlRights], [OrderNo], [IsMenu], [IsModalForm], [ToolBarVisible], [ToolBarCaption], [ToolBarIcon], [ToolBarOrderNo], [ToolBarSplit], [AddTime], [AddUserId], [AddHost], [LastTime], [LastHost], [LastUserId]) VALUES (N'01722C65084C92A9C07201', N'0172261F498373FCA81801', N'01', N'01722C41F8A58740538A01', N'账户管理', N'ZhCun.AccountManager.FrmAccount,AccountManager', 0, N'A-toolStripTop.tsBtnAdd:True;
A-toolStripTop.tsBtnCopyAdd:True;
A-toolStripTop.tsBtnEdit:True;
A-toolStripTop.tsBtnDelete:True;
', 1, 1, 0, 1, N'账户', N'fuzhijizhang.png', 1, 0, CAST(0x0000ABC0012A167D AS DateTime), N'00', N'192.168.1.38', CAST(0x0000ABC3017F921C AS DateTime), N'192.168.1.16', N'00')
INSERT [dbo].[Sys_Role_Menu] ([Id], [PId], [RoleId], [MenuId], [MenuCaption], [MenuName], [IsMenuSplit], [ControlRights], [OrderNo], [IsMenu], [IsModalForm], [ToolBarVisible], [ToolBarCaption], [ToolBarIcon], [ToolBarOrderNo], [ToolBarSplit], [AddTime], [AddUserId], [AddHost], [LastTime], [LastHost], [LastUserId]) VALUES (N'01722C652369EADBF53001', N'0172261F498373FCA81801', N'01', N'01722C4D5D8C7530843601', N'账目类型', N'ZhCun.AccountManager.FrmConsumeType,AccountManager', 0, N'A-toolStripTop.tsBtnAdd:True;
A-toolStripTop.tsBtnCopyAdd:True;
A-toolStripTop.tsBtnEdit:True;
A-toolStripTop.tsBtnDelete:True;
', 2, 1, 0, 1, N'账目类型', N'部门.png', 2, 0, CAST(0x0000ABC0012A1E9F AS DateTime), N'00', N'192.168.1.38', CAST(0x0000ABC3017F9A84 AS DateTime), N'192.168.1.16', N'00')
INSERT [dbo].[Sys_Role_Menu] ([Id], [PId], [RoleId], [MenuId], [MenuCaption], [MenuName], [IsMenuSplit], [ControlRights], [OrderNo], [IsMenu], [IsModalForm], [ToolBarVisible], [ToolBarCaption], [ToolBarIcon], [ToolBarOrderNo], [ToolBarSplit], [AddTime], [AddUserId], [AddHost], [LastTime], [LastHost], [LastUserId]) VALUES (N'01722C65708CBA0308D101', N'0172261F498373FCA81801', N'01', N'01722C4DEA694A3031C601', N'类型分类', N'ZhCun.AccountManager.FrmConsumeTypeTree,AccountManager', 0, N'', 3, 1, 0, 0, N'', N'', 0, 0, CAST(0x0000ABC0012A35C4 AS DateTime), N'00', N'192.168.1.38', CAST(0x0000ABC100BA47C2 AS DateTime), N'192.168.1.38', N'00')
INSERT [dbo].[Sys_Role_Menu] ([Id], [PId], [RoleId], [MenuId], [MenuCaption], [MenuName], [IsMenuSplit], [ControlRights], [OrderNo], [IsMenu], [IsModalForm], [ToolBarVisible], [ToolBarCaption], [ToolBarIcon], [ToolBarOrderNo], [ToolBarSplit], [AddTime], [AddUserId], [AddHost], [LastTime], [LastHost], [LastUserId]) VALUES (N'01722C65B39BA266C26901', N'0172261F553DC1F382C501', N'01', N'01722C5128851626590B00', N'记账操作', N'ZhCun.AccountManager.FrmConsume,AccountManager', 0, N'', 1, 1, 0, 1, N'记账', N'jizhang.png', 3, 1, CAST(0x0000ABC0012A49E2 AS DateTime), N'00', N'192.168.1.38', CAST(0x0000ABC3017F5DD9 AS DateTime), N'192.168.1.16', N'00')
INSERT [dbo].[Sys_Role_Menu] ([Id], [PId], [RoleId], [MenuId], [MenuCaption], [MenuName], [IsMenuSplit], [ControlRights], [OrderNo], [IsMenu], [IsModalForm], [ToolBarVisible], [ToolBarCaption], [ToolBarIcon], [ToolBarOrderNo], [ToolBarSplit], [AddTime], [AddUserId], [AddHost], [LastTime], [LastHost], [LastUserId]) VALUES (N'017230038F217A208F1E01', N'01722C5E2E48B2894A1401', N'00', N'01723002B4381FD1ECA801', N'用户管理', N'ZhCun.AccountManager.FrmUser,AccountManager', 0, N'A-toolStripTop.tsBtnAdd:True;
A-toolStripTop.tsBtnCopyAdd:True;
A-toolStripTop.tsBtnEdit:True;
A-toolStripTop.tsBtnDelete:True;
', 0, 1, 0, 0, N'', N'', 0, 0, CAST(0x0000ABC100B489BE AS DateTime), N'00', N'192.168.1.38', CAST(0x0000ABC100BF74C5 AS DateTime), N'192.168.1.38', N'00')
INSERT [dbo].[Sys_Role_Menu] ([Id], [PId], [RoleId], [MenuId], [MenuCaption], [MenuName], [IsMenuSplit], [ControlRights], [OrderNo], [IsMenu], [IsModalForm], [ToolBarVisible], [ToolBarCaption], [ToolBarIcon], [ToolBarOrderNo], [ToolBarSplit], [AddTime], [AddUserId], [AddHost], [LastTime], [LastHost], [LastUserId]) VALUES (N'01723004FF2ECED7846401', N'0172261F8D0BB7D8F34501', N'01', N'01722C5A2650C9BC8CC701', N'综合业务明细查询', N'ZhCun.AccountManager.ViewReport.FrmDetailView,AccountManager', 0, N'', 1, 1, 0, 0, N'', N'', 0, 0, CAST(0x0000ABC100B4F828 AS DateTime), N'00', N'192.168.1.38', CAST(0x0000ABC2011564B9 AS DateTime), N'192.168.1.38', N'00')
INSERT [dbo].[Sys_Role_Menu] ([Id], [PId], [RoleId], [MenuId], [MenuCaption], [MenuName], [IsMenuSplit], [ControlRights], [OrderNo], [IsMenu], [IsModalForm], [ToolBarVisible], [ToolBarCaption], [ToolBarIcon], [ToolBarOrderNo], [ToolBarSplit], [AddTime], [AddUserId], [AddHost], [LastTime], [LastHost], [LastUserId]) VALUES (N'0172300532450EAFA2C401', N'0172261F8D0BB7D8F34501', N'01', N'01722C5C36D754A9E18301', N'类型统计查询', N'ZhCun.AccountManager.ViewReport.FrmTypeSum,AccountManager', 0, N'', 2, 1, 0, 0, N'', N'', 0, 0, CAST(0x0000ABC100B5077C AS DateTime), N'00', N'192.168.1.38', CAST(0x0000ABC401882302 AS DateTime), N'192.168.1.16', N'00')
INSERT [dbo].[Sys_Role_Menu] ([Id], [PId], [RoleId], [MenuId], [MenuCaption], [MenuName], [IsMenuSplit], [ControlRights], [OrderNo], [IsMenu], [IsModalForm], [ToolBarVisible], [ToolBarCaption], [ToolBarIcon], [ToolBarOrderNo], [ToolBarSplit], [AddTime], [AddUserId], [AddHost], [LastTime], [LastHost], [LastUserId]) VALUES (N'0172300564BD2B33AD8001', N'0172261F8D0BB7D8F34501', N'01', N'01722C5CADECD81A33C601', N'账户统计查询', N'ZhCun.AccountManager.ViewReport.FrmAccountSum,AccountManager', 0, N'', 3, 1, 0, 0, N'', N'', 0, 0, CAST(0x0000ABC100B5169F AS DateTime), N'00', N'192.168.1.38', CAST(0x0000ABC4018837B0 AS DateTime), N'192.168.1.16', N'00')
INSERT [dbo].[Sys_Role_Menu] ([Id], [PId], [RoleId], [MenuId], [MenuCaption], [MenuName], [IsMenuSplit], [ControlRights], [OrderNo], [IsMenu], [IsModalForm], [ToolBarVisible], [ToolBarCaption], [ToolBarIcon], [ToolBarOrderNo], [ToolBarSplit], [AddTime], [AddUserId], [AddHost], [LastTime], [LastHost], [LastUserId]) VALUES (N'017230058C66FEBBDE7901', N'0172261F8D0BB7D8F34501', N'01', N'01722C5D40D83068FC4701', N'日报查询', N'ZhCun.AccountManager.ViewReport.FrmDayView,AccountManager', 0, N'', 5, 1, 0, 0, N'', N'', 0, 0, CAST(0x0000ABC100B52285 AS DateTime), N'00', N'192.168.1.38', CAST(0x0000ABC40188CAB5 AS DateTime), N'192.168.1.16', N'00')
INSERT [dbo].[Sys_Role_Menu] ([Id], [PId], [RoleId], [MenuId], [MenuCaption], [MenuName], [IsMenuSplit], [ControlRights], [OrderNo], [IsMenu], [IsModalForm], [ToolBarVisible], [ToolBarCaption], [ToolBarIcon], [ToolBarOrderNo], [ToolBarSplit], [AddTime], [AddUserId], [AddHost], [LastTime], [LastHost], [LastUserId]) VALUES (N'01723005C297B65E897001', N'0172261F8D0BB7D8F34501', N'01', N'01724239785D997979D701', N'资金统计查询', N'ZhCun.AccountManager.ViewReport.FrmBalanceSum,AccountManager', 0, N'', 4, 1, 0, 0, N'', N'', 0, 0, CAST(0x0000ABC100B532C7 AS DateTime), N'00', N'192.168.1.38', CAST(0x0000ABC40188EB89 AS DateTime), N'192.168.1.16', N'00')
/****** Object:  Table [dbo].[Sys_Role]    Script Date: 05/27/2020 23:24:37 ******/
INSERT [dbo].[Sys_Role] ([Id], [RoleName], [RoleNamePY], [Remark], [AddTime], [AddUserId], [AddHost], [LastTime], [LastHost], [LastUserId]) VALUES (N'00', N'管理员', NULL, NULL, CAST(0x0000ABBD01847F83 AS DateTime), N'admin', NULL, NULL, NULL, NULL)
INSERT [dbo].[Sys_Role] ([Id], [RoleName], [RoleNamePY], [Remark], [AddTime], [AddUserId], [AddHost], [LastTime], [LastHost], [LastUserId]) VALUES (N'01', N'普通用户', NULL, NULL, CAST(0x0000ABBF00BD95EB AS DateTime), N'admin', NULL, CAST(0x0000ABC8017DF6FD AS DateTime), NULL, NULL)
INSERT [dbo].[Sys_Role] ([Id], [RoleName], [RoleNamePY], [Remark], [AddTime], [AddUserId], [AddHost], [LastTime], [LastHost], [LastUserId]) VALUES (N'017225D521FD6B13794601', N'测试33', N'cs33', N'aaaffff', CAST(0x0000ABBF00BDA032 AS DateTime), NULL, NULL, CAST(0x0000ABC100BD0D29 AS DateTime), N'192.168.1.38', N'00')
/****** Object:  Table [dbo].[Sys_Menu]    Script Date: 05/27/2020 23:24:37 ******/
INSERT [dbo].[Sys_Menu] ([Id], [PId], [MenuCaption], [MenuName], [IsModalForm], [MenuLevel], [IsMenu], [OrderNo], [Remark], [AddTime], [AddUserId], [AddHost], [LastTime], [LastHost], [LastUserId]) VALUES (N'01', N'', N'系统管理', N'', 0, 0, 0, 0, NULL, CAST(0x0000ABC000AF29DE AS DateTime), N'admin', NULL, NULL, NULL, NULL)
INSERT [dbo].[Sys_Menu] ([Id], [PId], [MenuCaption], [MenuName], [IsModalForm], [MenuLevel], [IsMenu], [OrderNo], [Remark], [AddTime], [AddUserId], [AddHost], [LastTime], [LastHost], [LastUserId]) VALUES (N'0101', N'01', N'菜单维护', N'ZhCun.Win.MenuRole.FrmMenu,ZhCun.Win', 0, 1, 1, 0, N'', CAST(0x0000ABC000AF29DE AS DateTime), N'admin', NULL, NULL, NULL, NULL)
INSERT [dbo].[Sys_Menu] ([Id], [PId], [MenuCaption], [MenuName], [IsModalForm], [MenuLevel], [IsMenu], [OrderNo], [Remark], [AddTime], [AddUserId], [AddHost], [LastTime], [LastHost], [LastUserId]) VALUES (N'0102', N'01', N'角色权限维护', N'ZhCun.Win.MenuRole.FrmRoleMenu,ZhCun.Win', 0, 1, 1, 1, NULL, CAST(0x0000ABC000AF29DE AS DateTime), N'admin', NULL, NULL, NULL, NULL)
INSERT [dbo].[Sys_Menu] ([Id], [PId], [MenuCaption], [MenuName], [IsModalForm], [MenuLevel], [IsMenu], [OrderNo], [Remark], [AddTime], [AddUserId], [AddHost], [LastTime], [LastHost], [LastUserId]) VALUES (N'0103', N'01', N'表格字段维护', N'ZhCun.Win.ExtendGridView.FrmGridColumn,ZhCun.Win', 0, 1, 1, 2, N'2', CAST(0x0000ABC000AF29DE AS DateTime), N'admin', NULL, NULL, NULL, NULL)
INSERT [dbo].[Sys_Menu] ([Id], [PId], [MenuCaption], [MenuName], [IsModalForm], [MenuLevel], [IsMenu], [OrderNo], [Remark], [AddTime], [AddUserId], [AddHost], [LastTime], [LastHost], [LastUserId]) VALUES (N'0104', N'01', N'表格选择器维护', N'ZhCun.Win.ExtendGridCombox.FrmGridCombox,ZhCun.Win', 0, 1, 1, 3, N'', CAST(0x0000ABC000AF29DE AS DateTime), N'admin', NULL, NULL, NULL, NULL)
INSERT [dbo].[Sys_Menu] ([Id], [PId], [MenuCaption], [MenuName], [IsModalForm], [MenuLevel], [IsMenu], [OrderNo], [Remark], [AddTime], [AddUserId], [AddHost], [LastTime], [LastHost], [LastUserId]) VALUES (N'01722C3F3961AEB98EA201', NULL, N'配置管理', NULL, 0, 0, 0, 1, NULL, CAST(0x0000ABC0011EBED2 AS DateTime), N'00', N'192.168.1.38', NULL, NULL, NULL)
INSERT [dbo].[Sys_Menu] ([Id], [PId], [MenuCaption], [MenuName], [IsModalForm], [MenuLevel], [IsMenu], [OrderNo], [Remark], [AddTime], [AddUserId], [AddHost], [LastTime], [LastHost], [LastUserId]) VALUES (N'01722C41F8A58740538A01', N'01722C3F3961AEB98EA201', N'账户管理', N'ZhCun.AccountManager.FrmAccount,AccountManager', 0, 0, 1, 1, N'', CAST(0x0000ABC0011F91CC AS DateTime), N'00', N'192.168.1.38', CAST(0x0000ABC0012DABD0 AS DateTime), N'192.168.1.38', N'00')
INSERT [dbo].[Sys_Menu] ([Id], [PId], [MenuCaption], [MenuName], [IsModalForm], [MenuLevel], [IsMenu], [OrderNo], [Remark], [AddTime], [AddUserId], [AddHost], [LastTime], [LastHost], [LastUserId]) VALUES (N'01722C4D5D8C7530843601', N'01722C3F3961AEB98EA201', N'账目类型', N'ZhCun.AccountManager.FrmConsumeType,AccountManager', 0, 0, 1, 2, N'', CAST(0x0000ABC00122FCDD AS DateTime), N'00', N'192.168.1.38', CAST(0x0000ABC0012DB5DC AS DateTime), N'192.168.1.38', N'00')
INSERT [dbo].[Sys_Menu] ([Id], [PId], [MenuCaption], [MenuName], [IsModalForm], [MenuLevel], [IsMenu], [OrderNo], [Remark], [AddTime], [AddUserId], [AddHost], [LastTime], [LastHost], [LastUserId]) VALUES (N'01722C4DEA694A3031C601', N'01722C3F3961AEB98EA201', N'类型分类', N'ZhCun.AccountManager.FrmConsumeTypeTree,AccountManager', 0, 0, 1, 3, N'', CAST(0x0000ABC001232720 AS DateTime), N'00', N'192.168.1.38', CAST(0x0000ABC0012DBEE2 AS DateTime), N'192.168.1.38', N'00')
INSERT [dbo].[Sys_Menu] ([Id], [PId], [MenuCaption], [MenuName], [IsModalForm], [MenuLevel], [IsMenu], [OrderNo], [Remark], [AddTime], [AddUserId], [AddHost], [LastTime], [LastHost], [LastUserId]) VALUES (N'01722C4FB150DCCF626101', NULL, N'日常操作', NULL, 0, 0, 0, 2, NULL, CAST(0x0000ABC00123AF99 AS DateTime), N'00', N'192.168.1.38', NULL, NULL, NULL)
INSERT [dbo].[Sys_Menu] ([Id], [PId], [MenuCaption], [MenuName], [IsModalForm], [MenuLevel], [IsMenu], [OrderNo], [Remark], [AddTime], [AddUserId], [AddHost], [LastTime], [LastHost], [LastUserId]) VALUES (N'01722C5128851626590B00', N'01722C4FB150DCCF626101', N'记账操作', N'ZhCun.AccountManager.FrmConsume,AccountManager', 0, 0, 1, 1, N'', CAST(0x0000ABC001242028 AS DateTime), N'00', N'192.168.1.38', CAST(0x0000ABC1008310FC AS DateTime), N'192.168.1.38', N'00')
INSERT [dbo].[Sys_Menu] ([Id], [PId], [MenuCaption], [MenuName], [IsModalForm], [MenuLevel], [IsMenu], [OrderNo], [Remark], [AddTime], [AddUserId], [AddHost], [LastTime], [LastHost], [LastUserId]) VALUES (N'01722C540EE0A734EC9301', NULL, N'统计查询', NULL, 0, 0, 0, 3, NULL, CAST(0x0000ABC00124FEDC AS DateTime), N'00', N'192.168.1.38', NULL, NULL, NULL)
INSERT [dbo].[Sys_Menu] ([Id], [PId], [MenuCaption], [MenuName], [IsModalForm], [MenuLevel], [IsMenu], [OrderNo], [Remark], [AddTime], [AddUserId], [AddHost], [LastTime], [LastHost], [LastUserId]) VALUES (N'01722C5A2650C9BC8CC701', N'01722C540EE0A734EC9301', N'综合业务明细查询', N'ZhCun.AccountManager.ViewReport.FrmDetailView,AccountManager', 0, 0, 1, 1, N'', CAST(0x0000ABC00126D2B3 AS DateTime), N'00', N'192.168.1.38', CAST(0x0000ABC2011564BB AS DateTime), N'192.168.1.38', N'00')
INSERT [dbo].[Sys_Menu] ([Id], [PId], [MenuCaption], [MenuName], [IsModalForm], [MenuLevel], [IsMenu], [OrderNo], [Remark], [AddTime], [AddUserId], [AddHost], [LastTime], [LastHost], [LastUserId]) VALUES (N'01722C5C36D754A9E18301', N'01722C540EE0A734EC9301', N'类型统计查询', N'ZhCun.AccountManager.ViewReport.FrmTypeSum,AccountManager', 0, 0, 1, 2, N'', CAST(0x0000ABC001277142 AS DateTime), N'00', N'192.168.1.38', CAST(0x0000ABC401882304 AS DateTime), N'192.168.1.16', N'00')
INSERT [dbo].[Sys_Menu] ([Id], [PId], [MenuCaption], [MenuName], [IsModalForm], [MenuLevel], [IsMenu], [OrderNo], [Remark], [AddTime], [AddUserId], [AddHost], [LastTime], [LastHost], [LastUserId]) VALUES (N'01722C5CADECD81A33C601', N'01722C540EE0A734EC9301', N'账户统计查询', N'ZhCun.AccountManager.ViewReport.FrmAccountSum,AccountManager', 0, 0, 1, 3, N'', CAST(0x0000ABC0012794FA AS DateTime), N'00', N'192.168.1.38', CAST(0x0000ABC4018837B0 AS DateTime), N'192.168.1.16', N'00')
INSERT [dbo].[Sys_Menu] ([Id], [PId], [MenuCaption], [MenuName], [IsModalForm], [MenuLevel], [IsMenu], [OrderNo], [Remark], [AddTime], [AddUserId], [AddHost], [LastTime], [LastHost], [LastUserId]) VALUES (N'01722C5D40D83068FC4701', N'01722C540EE0A734EC9301', N'日报查询', N'ZhCun.AccountManager.ViewReport.FrmDayView,AccountManager', 0, 0, 1, 10, N'', CAST(0x0000ABC00127C10E AS DateTime), N'00', N'192.168.1.38', CAST(0x0000ABC4018867B0 AS DateTime), N'192.168.1.16', N'00')
INSERT [dbo].[Sys_Menu] ([Id], [PId], [MenuCaption], [MenuName], [IsModalForm], [MenuLevel], [IsMenu], [OrderNo], [Remark], [AddTime], [AddUserId], [AddHost], [LastTime], [LastHost], [LastUserId]) VALUES (N'01722C5D97C1574C83E201', N'01722C540EE0A734EC9301', N'月报查询', N'ZhCun.AccountManager.ViewReport.FrmMonthView,AccountManager', 0, 0, 1, 11, N'', CAST(0x0000ABC00127DB20 AS DateTime), N'00', N'192.168.1.38', CAST(0x0000ABC401886CF1 AS DateTime), N'192.168.1.16', N'00')
INSERT [dbo].[Sys_Menu] ([Id], [PId], [MenuCaption], [MenuName], [IsModalForm], [MenuLevel], [IsMenu], [OrderNo], [Remark], [AddTime], [AddUserId], [AddHost], [LastTime], [LastHost], [LastUserId]) VALUES (N'01723002B4381FD1ECA801', N'01722C3F3961AEB98EA201', N'用户管理', N'ZhCun.AccountManager.FrmUser,AccountManager', 0, 0, 1, 0, N'', CAST(0x0000ABC100B44812 AS DateTime), N'00', N'192.168.1.38', CAST(0x0000ABC100B44F70 AS DateTime), N'192.168.1.38', N'00')
INSERT [dbo].[Sys_Menu] ([Id], [PId], [MenuCaption], [MenuName], [IsModalForm], [MenuLevel], [IsMenu], [OrderNo], [Remark], [AddTime], [AddUserId], [AddHost], [LastTime], [LastHost], [LastUserId]) VALUES (N'01724239785D997979D701', N'01722C540EE0A734EC9301', N'资金统计查询', N'ZhCun.AccountManager.ViewReport.FrmBalanceSum,AccountManager', 0, 0, 1, 4, N'', CAST(0x0000ABC401889683 AS DateTime), N'00', N'192.168.1.16', NULL, NULL, NULL)
/****** Object:  Table [dbo].[Sys_GridColumn]    Script Date: 05/27/2020 23:24:37 ******/
INSERT [dbo].[Sys_GridColumn] ([Id], [FormName], [DgvName], [ColumnIndex], [ColumnName], [ColumnTitle], [ColumnType], [ColumnWidth], [Alignment], [IsReadOnly], [IsVisible], [IsAdSearch], [DataType], [AutoSizeMode], [FormatStr], [Remark], [AddTime], [AddUserId], [AddHost], [LastTime], [LastHost], [LastUserId]) VALUES (N'01722F809F861451447101', N'ZhCun.AccountManager.FrmAccount', N'dgv', 1, N'AccountName', N'账户名称', N'TextBox', 200, N'NotSet', 1, 1, 1, N'string', N'NotSet', N'', N'', CAST(0x0000ABC1008D41DD AS DateTime), N'00', N'192.168.1.38', NULL, NULL, NULL)
INSERT [dbo].[Sys_GridColumn] ([Id], [FormName], [DgvName], [ColumnIndex], [ColumnName], [ColumnTitle], [ColumnType], [ColumnWidth], [Alignment], [IsReadOnly], [IsVisible], [IsAdSearch], [DataType], [AutoSizeMode], [FormatStr], [Remark], [AddTime], [AddUserId], [AddHost], [LastTime], [LastHost], [LastUserId]) VALUES (N'01722F812264F9B5104501', N'ZhCun.AccountManager.FrmAccount', N'dgv', 2, N'AccountNameCode', N'名称助记码', N'TextBox', 200, N'NotSet', 1, 1, 0, N'string', N'NotSet', N'', N'', CAST(0x0000ABC1008D691E AS DateTime), N'00', N'192.168.1.38', NULL, NULL, NULL)
INSERT [dbo].[Sys_GridColumn] ([Id], [FormName], [DgvName], [ColumnIndex], [ColumnName], [ColumnTitle], [ColumnType], [ColumnWidth], [Alignment], [IsReadOnly], [IsVisible], [IsAdSearch], [DataType], [AutoSizeMode], [FormatStr], [Remark], [AddTime], [AddUserId], [AddHost], [LastTime], [LastHost], [LastUserId]) VALUES (N'0172362EE66EF88B0C7C01', N'ZhCun.AccountManager.FrmAccount', N'dgv', 3, N'Balance', N'账户余额', N'TextBox', 200, N'MiddleRight', 1, 1, 1, N'string', N'NotSet', N'C2', N'', CAST(0x0000ABC20102D521 AS DateTime), N'00', N'192.168.1.38', CAST(0x0000ABC20103082B AS DateTime), N'192.168.1.38', N'00')
INSERT [dbo].[Sys_GridColumn] ([Id], [FormName], [DgvName], [ColumnIndex], [ColumnName], [ColumnTitle], [ColumnType], [ColumnWidth], [Alignment], [IsReadOnly], [IsVisible], [IsAdSearch], [DataType], [AutoSizeMode], [FormatStr], [Remark], [AddTime], [AddUserId], [AddHost], [LastTime], [LastHost], [LastUserId]) VALUES (N'0172362F531BEA99533F01', N'ZhCun.AccountManager.FrmAccount', N'dgv', 6, N'UseCount', N'使用次数', N'TextBox', 150, N'MiddleCenter', 1, 1, 1, N'string', N'NotSet', N'', N'', CAST(0x0000ABC20102F5BC AS DateTime), N'00', N'192.168.1.38', NULL, NULL, NULL)
INSERT [dbo].[Sys_GridColumn] ([Id], [FormName], [DgvName], [ColumnIndex], [ColumnName], [ColumnTitle], [ColumnType], [ColumnWidth], [Alignment], [IsReadOnly], [IsVisible], [IsAdSearch], [DataType], [AutoSizeMode], [FormatStr], [Remark], [AddTime], [AddUserId], [AddHost], [LastTime], [LastHost], [LastUserId]) VALUES (N'01722F81940B2B093B5801', N'ZhCun.AccountManager.FrmAccount', N'dgv', 13, N'AddTime', N'添加时间', N'TextBox', 200, N'NotSet', 1, 1, 1, N'string', N'NotSet', N'', N'', CAST(0x0000ABC1008D8B37 AS DateTime), N'00', N'192.168.1.38', CAST(0x0000ABC20102B4BD AS DateTime), N'192.168.1.38', N'00')
INSERT [dbo].[Sys_GridColumn] ([Id], [FormName], [DgvName], [ColumnIndex], [ColumnName], [ColumnTitle], [ColumnType], [ColumnWidth], [Alignment], [IsReadOnly], [IsVisible], [IsAdSearch], [DataType], [AutoSizeMode], [FormatStr], [Remark], [AddTime], [AddUserId], [AddHost], [LastTime], [LastHost], [LastUserId]) VALUES (N'01722FDBA71E43D9879201', N'ZhCun.AccountManager.FrmAccount', N'dgv', 14, N'Remark', N'备注', N'TextBox', 300, N'NotSet', 1, 1, 0, N'string', N'Fill', N'', N'', CAST(0x0000ABC100A890F0 AS DateTime), N'00', N'192.168.1.38', CAST(0x0000ABC20102AEFA AS DateTime), N'192.168.1.38', N'00')
INSERT [dbo].[Sys_GridColumn] ([Id], [FormName], [DgvName], [ColumnIndex], [ColumnName], [ColumnTitle], [ColumnType], [ColumnWidth], [Alignment], [IsReadOnly], [IsVisible], [IsAdSearch], [DataType], [AutoSizeMode], [FormatStr], [Remark], [AddTime], [AddUserId], [AddHost], [LastTime], [LastHost], [LastUserId]) VALUES (N'017231915B6E6CCD890C01', N'ZhCun.AccountManager.FrmConsume', N'dgv', 1, N'ConsumeDate', N'发生日期', N'TextBox', 120, N'NotSet', 1, 1, 1, N'string', N'NotSet', N'', N'', CAST(0x0000ABC1012BE0AE AS DateTime), N'00', N'192.168.1.38', NULL, NULL, NULL)
INSERT [dbo].[Sys_GridColumn] ([Id], [FormName], [DgvName], [ColumnIndex], [ColumnName], [ColumnTitle], [ColumnType], [ColumnWidth], [Alignment], [IsReadOnly], [IsVisible], [IsAdSearch], [DataType], [AutoSizeMode], [FormatStr], [Remark], [AddTime], [AddUserId], [AddHost], [LastTime], [LastHost], [LastUserId]) VALUES (N'01723191A71DFB6B2EC201', N'ZhCun.AccountManager.FrmConsume', N'dgv', 2, N'BalanceTypeName', N'资金状态', N'TextBox', 120, N'NotSet', 1, 1, 1, N'string', N'NotSet', N'', N'', CAST(0x0000ABC1012BF756 AS DateTime), N'00', N'192.168.1.38', NULL, NULL, NULL)
INSERT [dbo].[Sys_GridColumn] ([Id], [FormName], [DgvName], [ColumnIndex], [ColumnName], [ColumnTitle], [ColumnType], [ColumnWidth], [Alignment], [IsReadOnly], [IsVisible], [IsAdSearch], [DataType], [AutoSizeMode], [FormatStr], [Remark], [AddTime], [AddUserId], [AddHost], [LastTime], [LastHost], [LastUserId]) VALUES (N'01723191DE013CAF89F801', N'ZhCun.AccountManager.FrmConsume', N'dgv', 3, N'AccountName', N'账户', N'TextBox', 120, N'NotSet', 1, 1, 1, N'string', N'NotSet', N'', N'', CAST(0x0000ABC1012C07CD AS DateTime), N'00', N'192.168.1.38', NULL, NULL, NULL)
INSERT [dbo].[Sys_GridColumn] ([Id], [FormName], [DgvName], [ColumnIndex], [ColumnName], [ColumnTitle], [ColumnType], [ColumnWidth], [Alignment], [IsReadOnly], [IsVisible], [IsAdSearch], [DataType], [AutoSizeMode], [FormatStr], [Remark], [AddTime], [AddUserId], [AddHost], [LastTime], [LastHost], [LastUserId]) VALUES (N'0172319220ACDA53961601', N'ZhCun.AccountManager.FrmConsume', N'dgv', 4, N'ConsumeTypeName', N'账目类型', N'TextBox', 120, N'NotSet', 1, 1, 1, N'string', N'NotSet', N'', N'', CAST(0x0000ABC1012C1BCE AS DateTime), N'00', N'192.168.1.38', NULL, NULL, NULL)
INSERT [dbo].[Sys_GridColumn] ([Id], [FormName], [DgvName], [ColumnIndex], [ColumnName], [ColumnTitle], [ColumnType], [ColumnWidth], [Alignment], [IsReadOnly], [IsVisible], [IsAdSearch], [DataType], [AutoSizeMode], [FormatStr], [Remark], [AddTime], [AddUserId], [AddHost], [LastTime], [LastHost], [LastUserId]) VALUES (N'017231959C4A28072C2201', N'ZhCun.AccountManager.FrmConsume', N'dgv', 5, N'ConsumeName', N'账目说明', N'TextBox', 180, N'MiddleLeft', 1, 1, 1, N'string', N'NotSet', N'', N'', CAST(0x0000ABC1012D274C AS DateTime), N'00', N'192.168.1.38', CAST(0x0000ABC2012CB434 AS DateTime), N'192.168.1.38', N'00')
INSERT [dbo].[Sys_GridColumn] ([Id], [FormName], [DgvName], [ColumnIndex], [ColumnName], [ColumnTitle], [ColumnType], [ColumnWidth], [Alignment], [IsReadOnly], [IsVisible], [IsAdSearch], [DataType], [AutoSizeMode], [FormatStr], [Remark], [AddTime], [AddUserId], [AddHost], [LastTime], [LastHost], [LastUserId]) VALUES (N'01723193245BA3056FC701', N'ZhCun.AccountManager.FrmConsume', N'dgv', 6, N'Amount', N'发生额', N'TextBox', 120, N'MiddleRight', 1, 1, 1, N'string', N'NotSet', N'C2', N'', CAST(0x0000ABC1012C69B1 AS DateTime), N'00', N'192.168.1.38', CAST(0x0000ABC1012D3CE8 AS DateTime), N'192.168.1.38', N'00')
INSERT [dbo].[Sys_GridColumn] ([Id], [FormName], [DgvName], [ColumnIndex], [ColumnName], [ColumnTitle], [ColumnType], [ColumnWidth], [Alignment], [IsReadOnly], [IsVisible], [IsAdSearch], [DataType], [AutoSizeMode], [FormatStr], [Remark], [AddTime], [AddUserId], [AddHost], [LastTime], [LastHost], [LastUserId]) VALUES (N'017231939094329E78D201', N'ZhCun.AccountManager.FrmConsume', N'dgv', 7, N'Balance', N'账户余额', N'TextBox', 120, N'MiddleRight', 1, 1, 0, N'string', N'NotSet', N'C2', N'', CAST(0x0000ABC1012C8A2D AS DateTime), N'00', N'192.168.1.38', CAST(0x0000ABC1012D46BE AS DateTime), N'192.168.1.38', N'00')
INSERT [dbo].[Sys_GridColumn] ([Id], [FormName], [DgvName], [ColumnIndex], [ColumnName], [ColumnTitle], [ColumnType], [ColumnWidth], [Alignment], [IsReadOnly], [IsVisible], [IsAdSearch], [DataType], [AutoSizeMode], [FormatStr], [Remark], [AddTime], [AddUserId], [AddHost], [LastTime], [LastHost], [LastUserId]) VALUES (N'017231944415D56060D701', N'ZhCun.AccountManager.FrmConsume', N'dgv', 8, N'IsCancel', N'是否冲账', N'CheckBox', 120, N'NotSet', 1, 1, 1, N'string', N'NotSet', N'', N'', CAST(0x0000ABC1012CC007 AS DateTime), N'00', N'192.168.1.38', CAST(0x0000ABC1012D4F9D AS DateTime), N'192.168.1.38', N'00')
INSERT [dbo].[Sys_GridColumn] ([Id], [FormName], [DgvName], [ColumnIndex], [ColumnName], [ColumnTitle], [ColumnType], [ColumnWidth], [Alignment], [IsReadOnly], [IsVisible], [IsAdSearch], [DataType], [AutoSizeMode], [FormatStr], [Remark], [AddTime], [AddUserId], [AddHost], [LastTime], [LastHost], [LastUserId]) VALUES (N'0172319495650875B1E701', N'ZhCun.AccountManager.FrmConsume', N'dgv', 9, N'CancelRemark', N'冲账说明', N'TextBox', 120, N'NotSet', 1, 1, 1, N'string', N'NotSet', N'', N'', CAST(0x0000ABC1012CD86C AS DateTime), N'00', N'192.168.1.38', CAST(0x0000ABC1012D576B AS DateTime), N'192.168.1.38', N'00')
INSERT [dbo].[Sys_GridColumn] ([Id], [FormName], [DgvName], [ColumnIndex], [ColumnName], [ColumnTitle], [ColumnType], [ColumnWidth], [Alignment], [IsReadOnly], [IsVisible], [IsAdSearch], [DataType], [AutoSizeMode], [FormatStr], [Remark], [AddTime], [AddUserId], [AddHost], [LastTime], [LastHost], [LastUserId]) VALUES (N'017231950311FC187DB501', N'ZhCun.AccountManager.FrmConsume', N'dgv', 10, N'AddTime', N'记账时间', N'TextBox', 120, N'NotSet', 1, 1, 1, N'string', N'NotSet', N'', N'', CAST(0x0000ABC1012CF952 AS DateTime), N'00', N'192.168.1.38', CAST(0x0000ABC1012D5F61 AS DateTime), N'192.168.1.38', N'00')
INSERT [dbo].[Sys_GridColumn] ([Id], [FormName], [DgvName], [ColumnIndex], [ColumnName], [ColumnTitle], [ColumnType], [ColumnWidth], [Alignment], [IsReadOnly], [IsVisible], [IsAdSearch], [DataType], [AutoSizeMode], [FormatStr], [Remark], [AddTime], [AddUserId], [AddHost], [LastTime], [LastHost], [LastUserId]) VALUES (N'017230354278318F77B501', N'ZhCun.AccountManager.FrmConsumeType', N'dgv', 1, N'TypeName', N'类型名称', N'TextBox', 180, N'NotSet', 1, 1, 1, N'string', N'NotSet', N'', N'', CAST(0x0000ABC100C372BE AS DateTime), N'00', N'192.168.1.38', CAST(0x0000ABC200A4798B AS DateTime), N'192.168.1.38', N'00')
INSERT [dbo].[Sys_GridColumn] ([Id], [FormName], [DgvName], [ColumnIndex], [ColumnName], [ColumnTitle], [ColumnType], [ColumnWidth], [Alignment], [IsReadOnly], [IsVisible], [IsAdSearch], [DataType], [AutoSizeMode], [FormatStr], [Remark], [AddTime], [AddUserId], [AddHost], [LastTime], [LastHost], [LastUserId]) VALUES (N'01723035F9F5559426EC01', N'ZhCun.AccountManager.FrmConsumeType', N'dgv', 2, N'TypeNamePY', N'助记码', N'TextBox', 180, N'NotSet', 1, 1, 1, N'string', N'NotSet', N'', N'', CAST(0x0000ABC100C3A9C6 AS DateTime), N'00', N'192.168.1.38', CAST(0x0000ABC200A4856F AS DateTime), N'192.168.1.38', N'00')
INSERT [dbo].[Sys_GridColumn] ([Id], [FormName], [DgvName], [ColumnIndex], [ColumnName], [ColumnTitle], [ColumnType], [ColumnWidth], [Alignment], [IsReadOnly], [IsVisible], [IsAdSearch], [DataType], [AutoSizeMode], [FormatStr], [Remark], [AddTime], [AddUserId], [AddHost], [LastTime], [LastHost], [LastUserId]) VALUES (N'017234F3C0F822DF156601', N'ZhCun.AccountManager.FrmConsumeType', N'dgv', 4, N'IsBalanceOut', N'资金支出', N'CheckBox', 150, N'NotSet', 1, 1, 1, N'string', N'NotSet', N'', N'', CAST(0x0000ABC200A449E6 AS DateTime), N'00', N'192.168.1.38', NULL, NULL, NULL)
INSERT [dbo].[Sys_GridColumn] ([Id], [FormName], [DgvName], [ColumnIndex], [ColumnName], [ColumnTitle], [ColumnType], [ColumnWidth], [Alignment], [IsReadOnly], [IsVisible], [IsAdSearch], [DataType], [AutoSizeMode], [FormatStr], [Remark], [AddTime], [AddUserId], [AddHost], [LastTime], [LastHost], [LastUserId]) VALUES (N'017234F4130FA7C8F13901', N'ZhCun.AccountManager.FrmConsumeType', N'dgv', 5, N'IsBalanceIn', N'资金收入', N'CheckBox', 150, N'NotSet', 1, 1, 1, N'string', N'NotSet', N'', N'', CAST(0x0000ABC200A46285 AS DateTime), N'00', N'192.168.1.38', NULL, NULL, NULL)
INSERT [dbo].[Sys_GridColumn] ([Id], [FormName], [DgvName], [ColumnIndex], [ColumnName], [ColumnTitle], [ColumnType], [ColumnWidth], [Alignment], [IsReadOnly], [IsVisible], [IsAdSearch], [DataType], [AutoSizeMode], [FormatStr], [Remark], [AddTime], [AddUserId], [AddHost], [LastTime], [LastHost], [LastUserId]) VALUES (N'0172303662660137514F01', N'ZhCun.AccountManager.FrmConsumeType', N'dgv', 10, N'Remark', N'备注', N'TextBox', 100, N'NotSet', 1, 1, 1, N'string', N'Fill', N'', N'', CAST(0x0000ABC100C3C91F AS DateTime), N'00', N'192.168.1.38', CAST(0x0000ABC200A46AAA AS DateTime), N'192.168.1.38', N'00')
INSERT [dbo].[Sys_GridColumn] ([Id], [FormName], [DgvName], [ColumnIndex], [ColumnName], [ColumnTitle], [ColumnType], [ColumnWidth], [Alignment], [IsReadOnly], [IsVisible], [IsAdSearch], [DataType], [AutoSizeMode], [FormatStr], [Remark], [AddTime], [AddUserId], [AddHost], [LastTime], [LastHost], [LastUserId]) VALUES (N'0172302B61A882D84E2601', N'ZhCun.AccountManager.FrmUser', N'dgv', 1, N'UserName', N'用户名称', N'TextBox', 150, N'NotSet', 1, 1, 1, N'string', N'NotSet', N'', N'', CAST(0x0000ABC100C07C1A AS DateTime), N'00', N'192.168.1.38', CAST(0x0000ABC100C2A271 AS DateTime), N'192.168.1.38', N'00')
INSERT [dbo].[Sys_GridColumn] ([Id], [FormName], [DgvName], [ColumnIndex], [ColumnName], [ColumnTitle], [ColumnType], [ColumnWidth], [Alignment], [IsReadOnly], [IsVisible], [IsAdSearch], [DataType], [AutoSizeMode], [FormatStr], [Remark], [AddTime], [AddUserId], [AddHost], [LastTime], [LastHost], [LastUserId]) VALUES (N'0172302BACAFE1E445C401', N'ZhCun.AccountManager.FrmUser', N'dgv', 2, N'LoginName', N'登录名', N'TextBox', 150, N'NotSet', 1, 1, 1, N'string', N'NotSet', N'', N'', CAST(0x0000ABC100C0929B AS DateTime), N'00', N'192.168.1.38', CAST(0x0000ABC100C2A9CB AS DateTime), N'192.168.1.38', N'00')
INSERT [dbo].[Sys_GridColumn] ([Id], [FormName], [DgvName], [ColumnIndex], [ColumnName], [ColumnTitle], [ColumnType], [ColumnWidth], [Alignment], [IsReadOnly], [IsVisible], [IsAdSearch], [DataType], [AutoSizeMode], [FormatStr], [Remark], [AddTime], [AddUserId], [AddHost], [LastTime], [LastHost], [LastUserId]) VALUES (N'0172302BF55F9814A88C01', N'ZhCun.AccountManager.FrmUser', N'dgv', 3, N'LoginCount', N'登陆次数', N'TextBox', 100, N'MiddleCenter', 1, 1, 1, N'string', N'NotSet', N'', N'', CAST(0x0000ABC100C0A869 AS DateTime), N'00', N'192.168.1.38', CAST(0x0000ABC100C27398 AS DateTime), N'192.168.1.38', N'00')
INSERT [dbo].[Sys_GridColumn] ([Id], [FormName], [DgvName], [ColumnIndex], [ColumnName], [ColumnTitle], [ColumnType], [ColumnWidth], [Alignment], [IsReadOnly], [IsVisible], [IsAdSearch], [DataType], [AutoSizeMode], [FormatStr], [Remark], [AddTime], [AddUserId], [AddHost], [LastTime], [LastHost], [LastUserId]) VALUES (N'0172302C54667A34F17D01', N'ZhCun.AccountManager.FrmUser', N'dgv', 4, N'LastLoginTime', N'上次登陆时间', N'TextBox', 150, N'NotSet', 1, 1, 1, N'string', N'NotSet', N'', N'', CAST(0x0000ABC100C0C4EC AS DateTime), N'00', N'192.168.1.38', CAST(0x0000ABC100C11655 AS DateTime), N'192.168.1.38', N'00')
INSERT [dbo].[Sys_GridColumn] ([Id], [FormName], [DgvName], [ColumnIndex], [ColumnName], [ColumnTitle], [ColumnType], [ColumnWidth], [Alignment], [IsReadOnly], [IsVisible], [IsAdSearch], [DataType], [AutoSizeMode], [FormatStr], [Remark], [AddTime], [AddUserId], [AddHost], [LastTime], [LastHost], [LastUserId]) VALUES (N'0172302CA873ADD3716F01', N'ZhCun.AccountManager.FrmUser', N'dgv', 5, N'IsManager', N'是否管理员', N'CheckBox', 100, N'NotSet', 1, 1, 1, N'string', N'NotSet', N'', N'', CAST(0x0000ABC100C0DE23 AS DateTime), N'00', N'192.168.1.38', NULL, NULL, NULL)
INSERT [dbo].[Sys_GridColumn] ([Id], [FormName], [DgvName], [ColumnIndex], [ColumnName], [ColumnTitle], [ColumnType], [ColumnWidth], [Alignment], [IsReadOnly], [IsVisible], [IsAdSearch], [DataType], [AutoSizeMode], [FormatStr], [Remark], [AddTime], [AddUserId], [AddHost], [LastTime], [LastHost], [LastUserId]) VALUES (N'0172302D087EA7440FEE01', N'ZhCun.AccountManager.FrmUser', N'dgv', 6, N'AddTime', N'创建时间', N'TextBox', 150, N'NotSet', 1, 1, 1, N'string', N'NotSet', N'', N'', CAST(0x0000ABC100C0FAF3 AS DateTime), N'00', N'192.168.1.38', CAST(0x0000ABC100C1401C AS DateTime), N'192.168.1.38', N'00')
INSERT [dbo].[Sys_GridColumn] ([Id], [FormName], [DgvName], [ColumnIndex], [ColumnName], [ColumnTitle], [ColumnType], [ColumnWidth], [Alignment], [IsReadOnly], [IsVisible], [IsAdSearch], [DataType], [AutoSizeMode], [FormatStr], [Remark], [AddTime], [AddUserId], [AddHost], [LastTime], [LastHost], [LastUserId]) VALUES (N'017241E6B6D3C957323901', N'ZhCun.AccountManager.ViewReport.FrmAccountSum', N'dgv', 1, N'AccountName', N'账户名称', N'TextBox', 200, N'NotSet', 1, 1, 0, N'string', N'NotSet', N'', N'', CAST(0x0000ABC4016FC2DE AS DateTime), N'00', N'192.168.1.16', CAST(0x0000ABC401749624 AS DateTime), NULL, NULL)
INSERT [dbo].[Sys_GridColumn] ([Id], [FormName], [DgvName], [ColumnIndex], [ColumnName], [ColumnTitle], [ColumnType], [ColumnWidth], [Alignment], [IsReadOnly], [IsVisible], [IsAdSearch], [DataType], [AutoSizeMode], [FormatStr], [Remark], [AddTime], [AddUserId], [AddHost], [LastTime], [LastHost], [LastUserId]) VALUES (N'017241E728F0573E3E4201', N'ZhCun.AccountManager.ViewReport.FrmAccountSum', N'dgv', 2, N'AmountIn', N'收入金额', N'TextBox', 200, N'MiddleRight', 1, 1, 0, N'decimal', N'NotSet', N'C2', N'', CAST(0x0000ABC4016FE515 AS DateTime), N'00', N'192.168.1.16', CAST(0x0000ABC401749844 AS DateTime), N'192.168.1.16', N'00')
INSERT [dbo].[Sys_GridColumn] ([Id], [FormName], [DgvName], [ColumnIndex], [ColumnName], [ColumnTitle], [ColumnType], [ColumnWidth], [Alignment], [IsReadOnly], [IsVisible], [IsAdSearch], [DataType], [AutoSizeMode], [FormatStr], [Remark], [AddTime], [AddUserId], [AddHost], [LastTime], [LastHost], [LastUserId]) VALUES (N'017241E75AC8814641F501', N'ZhCun.AccountManager.ViewReport.FrmAccountSum', N'dgv', 3, N'AmountOut', N'支出金额', N'TextBox', 200, N'MiddleRight', 1, 1, 0, N'decimal', N'NotSet', N'C2', N'', CAST(0x0000ABC4016FF409 AS DateTime), N'00', N'192.168.1.16', CAST(0x0000ABC401749901 AS DateTime), N'192.168.1.16', N'00')
INSERT [dbo].[Sys_GridColumn] ([Id], [FormName], [DgvName], [ColumnIndex], [ColumnName], [ColumnTitle], [ColumnType], [ColumnWidth], [Alignment], [IsReadOnly], [IsVisible], [IsAdSearch], [DataType], [AutoSizeMode], [FormatStr], [Remark], [AddTime], [AddUserId], [AddHost], [LastTime], [LastHost], [LastUserId]) VALUES (N'017241E7E4BC45059EAB01', N'ZhCun.AccountManager.ViewReport.FrmAccountSum', N'dgv', 4, N'Amount', N'账户净收入', N'TextBox', 200, N'MiddleRight', 1, 1, 0, N'decimal', N'NotSet', N'C2', N'', CAST(0x0000ABC401701D6C AS DateTime), N'00', N'192.168.1.16', CAST(0x0000ABC4017499B8 AS DateTime), N'192.168.1.16', N'00')
INSERT [dbo].[Sys_GridColumn] ([Id], [FormName], [DgvName], [ColumnIndex], [ColumnName], [ColumnTitle], [ColumnType], [ColumnWidth], [Alignment], [IsReadOnly], [IsVisible], [IsAdSearch], [DataType], [AutoSizeMode], [FormatStr], [Remark], [AddTime], [AddUserId], [AddHost], [LastTime], [LastHost], [LastUserId]) VALUES (N'017241EC7226E240E1EF01', N'ZhCun.AccountManager.ViewReport.FrmAccountSum', N'dgv', 5, N'UseCount', N'使用次数', N'TextBox', 200, N'MiddleCenter', 1, 1, 0, N'int', N'NotSet', N'', N'', CAST(0x0000ABC401717B0C AS DateTime), N'00', N'192.168.1.16', CAST(0x0000ABC401749A98 AS DateTime), NULL, NULL)
INSERT [dbo].[Sys_GridColumn] ([Id], [FormName], [DgvName], [ColumnIndex], [ColumnName], [ColumnTitle], [ColumnType], [ColumnWidth], [Alignment], [IsReadOnly], [IsVisible], [IsAdSearch], [DataType], [AutoSizeMode], [FormatStr], [Remark], [AddTime], [AddUserId], [AddHost], [LastTime], [LastHost], [LastUserId]) VALUES (N'0172423E422EEA14AC3101', N'ZhCun.AccountManager.ViewReport.FrmBalanceSum', N'dgv', 1, N'BalanceType', N'资金类型', N'TextBox', 300, N'NotSet', 1, 1, 0, N'string', N'NotSet', N'', N'', CAST(0x0000ABC4018A0641 AS DateTime), N'00', N'192.168.1.16', CAST(0x0000ABC500021B80 AS DateTime), N'192.168.1.16', N'00')
INSERT [dbo].[Sys_GridColumn] ([Id], [FormName], [DgvName], [ColumnIndex], [ColumnName], [ColumnTitle], [ColumnType], [ColumnWidth], [Alignment], [IsReadOnly], [IsVisible], [IsAdSearch], [DataType], [AutoSizeMode], [FormatStr], [Remark], [AddTime], [AddUserId], [AddHost], [LastTime], [LastHost], [LastUserId]) VALUES (N'01724245F016A4C301CF01', N'ZhCun.AccountManager.ViewReport.FrmBalanceSum', N'dgv', 4, N'Amount', N'金额', N'TextBox', 300, N'MiddleRight', 1, 1, 0, N'string', N'NotSet', N'C2', N'', CAST(0x0000ABC50000D207 AS DateTime), N'00', N'192.168.1.16', CAST(0x0000ABC5000215A3 AS DateTime), N'192.168.1.16', N'00')
INSERT [dbo].[Sys_GridColumn] ([Id], [FormName], [DgvName], [ColumnIndex], [ColumnName], [ColumnTitle], [ColumnType], [ColumnWidth], [Alignment], [IsReadOnly], [IsVisible], [IsAdSearch], [DataType], [AutoSizeMode], [FormatStr], [Remark], [AddTime], [AddUserId], [AddHost], [LastTime], [LastHost], [LastUserId]) VALUES (N'017242462F3B65AADEC801', N'ZhCun.AccountManager.ViewReport.FrmBalanceSum', N'dgv', 5, N'UseCount', N'使用次数', N'TextBox', 300, N'MiddleCenter', 1, 1, 0, N'string', N'NotSet', N'C2', N'', CAST(0x0000ABC50000E4F8 AS DateTime), N'00', N'192.168.1.16', CAST(0x0000ABC5000220E8 AS DateTime), N'192.168.1.16', N'00')
INSERT [dbo].[Sys_GridColumn] ([Id], [FormName], [DgvName], [ColumnIndex], [ColumnName], [ColumnTitle], [ColumnType], [ColumnWidth], [Alignment], [IsReadOnly], [IsVisible], [IsAdSearch], [DataType], [AutoSizeMode], [FormatStr], [Remark], [AddTime], [AddUserId], [AddHost], [LastTime], [LastHost], [LastUserId]) VALUES (N'017242474DF74C79D91301', N'ZhCun.AccountManager.ViewReport.FrmDayView', N'dgv', 1, N'SumDate', N'日期', N'TextBox', 200, N'NotSet', 1, 1, 0, N'string', N'NotSet', N'D', N'', CAST(0x0000ABC500013AFD AS DateTime), N'00', N'192.168.1.16', CAST(0x0000ABC50179AA41 AS DateTime), N'192.168.1.16', N'00')
INSERT [dbo].[Sys_GridColumn] ([Id], [FormName], [DgvName], [ColumnIndex], [ColumnName], [ColumnTitle], [ColumnType], [ColumnWidth], [Alignment], [IsReadOnly], [IsVisible], [IsAdSearch], [DataType], [AutoSizeMode], [FormatStr], [Remark], [AddTime], [AddUserId], [AddHost], [LastTime], [LastHost], [LastUserId]) VALUES (N'0172424793EE2CB50E9501', N'ZhCun.AccountManager.ViewReport.FrmDayView', N'dgv', 2, N'AmountIn', N'收入金额', N'TextBox', 200, N'MiddleRight', 1, 1, 0, N'string', N'NotSet', N'C2', N'', CAST(0x0000ABC500014FFB AS DateTime), N'00', N'192.168.1.16', CAST(0x0000ABC500017C9C AS DateTime), N'192.168.1.16', N'00')
INSERT [dbo].[Sys_GridColumn] ([Id], [FormName], [DgvName], [ColumnIndex], [ColumnName], [ColumnTitle], [ColumnType], [ColumnWidth], [Alignment], [IsReadOnly], [IsVisible], [IsAdSearch], [DataType], [AutoSizeMode], [FormatStr], [Remark], [AddTime], [AddUserId], [AddHost], [LastTime], [LastHost], [LastUserId]) VALUES (N'01724247C18E76AC81F601', N'ZhCun.AccountManager.ViewReport.FrmDayView', N'dgv', 3, N'AmountOut', N'支出金额', N'TextBox', 200, N'MiddleRight', 1, 1, 0, N'string', N'NotSet', N'C2', N'', CAST(0x0000ABC500015DAB AS DateTime), N'00', N'192.168.1.16', CAST(0x0000ABC500017798 AS DateTime), N'192.168.1.16', N'00')
INSERT [dbo].[Sys_GridColumn] ([Id], [FormName], [DgvName], [ColumnIndex], [ColumnName], [ColumnTitle], [ColumnType], [ColumnWidth], [Alignment], [IsReadOnly], [IsVisible], [IsAdSearch], [DataType], [AutoSizeMode], [FormatStr], [Remark], [AddTime], [AddUserId], [AddHost], [LastTime], [LastHost], [LastUserId]) VALUES (N'0172424802927648BF0E01', N'ZhCun.AccountManager.ViewReport.FrmDayView', N'dgv', 4, N'Amount', N'净收入', N'TextBox', 200, N'MiddleRight', 1, 1, 0, N'string', N'NotSet', N'C2', N'', CAST(0x0000ABC50001712B AS DateTime), N'00', N'192.168.1.16', NULL, NULL, NULL)
INSERT [dbo].[Sys_GridColumn] ([Id], [FormName], [DgvName], [ColumnIndex], [ColumnName], [ColumnTitle], [ColumnType], [ColumnWidth], [Alignment], [IsReadOnly], [IsVisible], [IsAdSearch], [DataType], [AutoSizeMode], [FormatStr], [Remark], [AddTime], [AddUserId], [AddHost], [LastTime], [LastHost], [LastUserId]) VALUES (N'0172424889E347C88B3A01', N'ZhCun.AccountManager.ViewReport.FrmDayView', N'dgv', 5, N'UseCount', N'使用次数', N'TextBox', 200, N'MiddleCenter', 1, 1, 0, N'string', N'NotSet', N'C2', N'', CAST(0x0000ABC5000199C4 AS DateTime), N'00', N'192.168.1.16', NULL, NULL, NULL)
INSERT [dbo].[Sys_GridColumn] ([Id], [FormName], [DgvName], [ColumnIndex], [ColumnName], [ColumnTitle], [ColumnType], [ColumnWidth], [Alignment], [IsReadOnly], [IsVisible], [IsAdSearch], [DataType], [AutoSizeMode], [FormatStr], [Remark], [AddTime], [AddUserId], [AddHost], [LastTime], [LastHost], [LastUserId]) VALUES (N'0172378942160958D62A00', N'ZhCun.AccountManager.ViewReport.FrmDetailView', N'dgv', 1, N'ConsumeDate', N'发生日期', N'TextBox', 120, N'NotSet', 1, 1, 1, N'string', N'NotSet', N'', N'', CAST(0x0000ABC2016ABD6D AS DateTime), N'00', NULL, CAST(0x0000ABC8017F25E1 AS DateTime), NULL, NULL)
INSERT [dbo].[Sys_GridColumn] ([Id], [FormName], [DgvName], [ColumnIndex], [ColumnName], [ColumnTitle], [ColumnType], [ColumnWidth], [Alignment], [IsReadOnly], [IsVisible], [IsAdSearch], [DataType], [AutoSizeMode], [FormatStr], [Remark], [AddTime], [AddUserId], [AddHost], [LastTime], [LastHost], [LastUserId]) VALUES (N'01723789422024E4392400', N'ZhCun.AccountManager.ViewReport.FrmDetailView', N'dgv', 2, N'BalanceTypeName', N'资金状态', N'TextBox', 120, N'NotSet', 1, 1, 1, N'string', N'NotSet', N'', N'', CAST(0x0000ABC2016ABD6D AS DateTime), N'00', NULL, CAST(0x0000ABC8017F25E1 AS DateTime), NULL, NULL)
INSERT [dbo].[Sys_GridColumn] ([Id], [FormName], [DgvName], [ColumnIndex], [ColumnName], [ColumnTitle], [ColumnType], [ColumnWidth], [Alignment], [IsReadOnly], [IsVisible], [IsAdSearch], [DataType], [AutoSizeMode], [FormatStr], [Remark], [AddTime], [AddUserId], [AddHost], [LastTime], [LastHost], [LastUserId]) VALUES (N'0172378942200983344200', N'ZhCun.AccountManager.ViewReport.FrmDetailView', N'dgv', 3, N'AccountName', N'账户', N'TextBox', 120, N'NotSet', 1, 1, 1, N'string', N'NotSet', N'', N'', CAST(0x0000ABC2016ABD6D AS DateTime), N'00', NULL, CAST(0x0000ABC8017F25E1 AS DateTime), NULL, NULL)
INSERT [dbo].[Sys_GridColumn] ([Id], [FormName], [DgvName], [ColumnIndex], [ColumnName], [ColumnTitle], [ColumnType], [ColumnWidth], [Alignment], [IsReadOnly], [IsVisible], [IsAdSearch], [DataType], [AutoSizeMode], [FormatStr], [Remark], [AddTime], [AddUserId], [AddHost], [LastTime], [LastHost], [LastUserId]) VALUES (N'01723789422018FE8CD600', N'ZhCun.AccountManager.ViewReport.FrmDetailView', N'dgv', 4, N'ConsumeTypeName', N'账目类型', N'TextBox', 120, N'NotSet', 1, 1, 1, N'string', N'NotSet', N'', N'', CAST(0x0000ABC2016ABD6D AS DateTime), N'00', NULL, CAST(0x0000ABC8017F25E1 AS DateTime), NULL, NULL)
INSERT [dbo].[Sys_GridColumn] ([Id], [FormName], [DgvName], [ColumnIndex], [ColumnName], [ColumnTitle], [ColumnType], [ColumnWidth], [Alignment], [IsReadOnly], [IsVisible], [IsAdSearch], [DataType], [AutoSizeMode], [FormatStr], [Remark], [AddTime], [AddUserId], [AddHost], [LastTime], [LastHost], [LastUserId]) VALUES (N'0172378942200D65D18A00', N'ZhCun.AccountManager.ViewReport.FrmDetailView', N'dgv', 5, N'ConsumeName', N'账目说明', N'TextBox', 180, N'MiddleLeft', 1, 1, 1, N'string', N'NotSet', N'', N'', CAST(0x0000ABC2016ABD6D AS DateTime), N'00', NULL, CAST(0x0000ABC8017F25E1 AS DateTime), NULL, NULL)
INSERT [dbo].[Sys_GridColumn] ([Id], [FormName], [DgvName], [ColumnIndex], [ColumnName], [ColumnTitle], [ColumnType], [ColumnWidth], [Alignment], [IsReadOnly], [IsVisible], [IsAdSearch], [DataType], [AutoSizeMode], [FormatStr], [Remark], [AddTime], [AddUserId], [AddHost], [LastTime], [LastHost], [LastUserId]) VALUES (N'0172378942202C72AB7F00', N'ZhCun.AccountManager.ViewReport.FrmDetailView', N'dgv', 6, N'Amount', N'发生额', N'TextBox', 120, N'MiddleRight', 1, 1, 1, N'string', N'NotSet', N'C2', N'', CAST(0x0000ABC2016ABD6D AS DateTime), N'00', NULL, CAST(0x0000ABC8017F25E1 AS DateTime), NULL, NULL)
INSERT [dbo].[Sys_GridColumn] ([Id], [FormName], [DgvName], [ColumnIndex], [ColumnName], [ColumnTitle], [ColumnType], [ColumnWidth], [Alignment], [IsReadOnly], [IsVisible], [IsAdSearch], [DataType], [AutoSizeMode], [FormatStr], [Remark], [AddTime], [AddUserId], [AddHost], [LastTime], [LastHost], [LastUserId]) VALUES (N'0172378942202DC6685200', N'ZhCun.AccountManager.ViewReport.FrmDetailView', N'dgv', 7, N'Balance', N'账户余额', N'TextBox', 120, N'MiddleRight', 1, 1, 0, N'string', N'NotSet', N'C2', N'', CAST(0x0000ABC2016ABD6D AS DateTime), N'00', NULL, CAST(0x0000ABC8017F25E1 AS DateTime), NULL, NULL)
INSERT [dbo].[Sys_GridColumn] ([Id], [FormName], [DgvName], [ColumnIndex], [ColumnName], [ColumnTitle], [ColumnType], [ColumnWidth], [Alignment], [IsReadOnly], [IsVisible], [IsAdSearch], [DataType], [AutoSizeMode], [FormatStr], [Remark], [AddTime], [AddUserId], [AddHost], [LastTime], [LastHost], [LastUserId]) VALUES (N'0172378942201D0B071300', N'ZhCun.AccountManager.ViewReport.FrmDetailView', N'dgv', 8, N'IsCancel', N'是否冲账', N'CheckBox', 120, N'NotSet', 1, 1, 1, N'string', N'NotSet', N'', N'', CAST(0x0000ABC2016ABD6D AS DateTime), N'00', NULL, CAST(0x0000ABC8017F25E1 AS DateTime), NULL, NULL)
INSERT [dbo].[Sys_GridColumn] ([Id], [FormName], [DgvName], [ColumnIndex], [ColumnName], [ColumnTitle], [ColumnType], [ColumnWidth], [Alignment], [IsReadOnly], [IsVisible], [IsAdSearch], [DataType], [AutoSizeMode], [FormatStr], [Remark], [AddTime], [AddUserId], [AddHost], [LastTime], [LastHost], [LastUserId]) VALUES (N'0172378942200FCB35E200', N'ZhCun.AccountManager.ViewReport.FrmDetailView', N'dgv', 9, N'CancelRemark', N'冲账说明', N'TextBox', 120, N'NotSet', 1, 1, 1, N'string', N'NotSet', N'', N'', CAST(0x0000ABC2016ABD6D AS DateTime), N'00', NULL, CAST(0x0000ABC8017F25E1 AS DateTime), NULL, NULL)
INSERT [dbo].[Sys_GridColumn] ([Id], [FormName], [DgvName], [ColumnIndex], [ColumnName], [ColumnTitle], [ColumnType], [ColumnWidth], [Alignment], [IsReadOnly], [IsVisible], [IsAdSearch], [DataType], [AutoSizeMode], [FormatStr], [Remark], [AddTime], [AddUserId], [AddHost], [LastTime], [LastHost], [LastUserId]) VALUES (N'01723789422026E1F38D00', N'ZhCun.AccountManager.ViewReport.FrmDetailView', N'dgv', 10, N'AddTime', N'记账时间', N'TextBox', 120, N'NotSet', 1, 1, 1, N'string', N'NotSet', N'', N'', CAST(0x0000ABC2016ABD6D AS DateTime), N'00', NULL, CAST(0x0000ABC8017F25E1 AS DateTime), NULL, NULL)
INSERT [dbo].[Sys_GridColumn] ([Id], [FormName], [DgvName], [ColumnIndex], [ColumnName], [ColumnTitle], [ColumnType], [ColumnWidth], [Alignment], [IsReadOnly], [IsVisible], [IsAdSearch], [DataType], [AutoSizeMode], [FormatStr], [Remark], [AddTime], [AddUserId], [AddHost], [LastTime], [LastHost], [LastUserId]) VALUES (N'0172423D6FB902F5C3CB01', N'ZhCun.AccountManager.ViewReport.FrmTypeSum', N'dgv', 1, N'TypeName', N'类型名称', N'TextBox', 200, N'NotSet', 1, 1, 1, N'string', N'NotSet', N'', N'', CAST(0x0000ABC40189C71E AS DateTime), N'00', N'192.168.1.16', NULL, NULL, NULL)
INSERT [dbo].[Sys_GridColumn] ([Id], [FormName], [DgvName], [ColumnIndex], [ColumnName], [ColumnTitle], [ColumnType], [ColumnWidth], [Alignment], [IsReadOnly], [IsVisible], [IsAdSearch], [DataType], [AutoSizeMode], [FormatStr], [Remark], [AddTime], [AddUserId], [AddHost], [LastTime], [LastHost], [LastUserId]) VALUES (N'0172424282E43952C6B801', N'ZhCun.AccountManager.ViewReport.FrmTypeSum', N'dgv', 2, N'AmountIn', N'收入金额', N'TextBox', 200, N'MiddleRight', 1, 1, 1, N'string', N'NotSet', N'C2', N'', CAST(0x0000ABC4018B4CDE AS DateTime), N'00', N'192.168.1.16', CAST(0x0000ABC500002E5E AS DateTime), N'192.168.1.16', N'00')
INSERT [dbo].[Sys_GridColumn] ([Id], [FormName], [DgvName], [ColumnIndex], [ColumnName], [ColumnTitle], [ColumnType], [ColumnWidth], [Alignment], [IsReadOnly], [IsVisible], [IsAdSearch], [DataType], [AutoSizeMode], [FormatStr], [Remark], [AddTime], [AddUserId], [AddHost], [LastTime], [LastHost], [LastUserId]) VALUES (N'0172424302EE325D64A901', N'ZhCun.AccountManager.ViewReport.FrmTypeSum', N'dgv', 3, N'AmountOut', N'支出金额', N'TextBox', 200, N'MiddleRight', 1, 1, 0, N'string', N'NotSet', N'C2', N'', CAST(0x0000ABC4018B7348 AS DateTime), N'00', N'192.168.1.16', CAST(0x0000ABC5000025A8 AS DateTime), N'192.168.1.16', N'00')
INSERT [dbo].[Sys_GridColumn] ([Id], [FormName], [DgvName], [ColumnIndex], [ColumnName], [ColumnTitle], [ColumnType], [ColumnWidth], [Alignment], [IsReadOnly], [IsVisible], [IsAdSearch], [DataType], [AutoSizeMode], [FormatStr], [Remark], [AddTime], [AddUserId], [AddHost], [LastTime], [LastHost], [LastUserId]) VALUES (N'017242438D8D2D182D6601', N'ZhCun.AccountManager.ViewReport.FrmTypeSum', N'dgv', 4, N'Amount', N'净收入', N'TextBox', 200, N'MiddleRight', 1, 1, 0, N'string', N'NotSet', N'C2', N'', CAST(0x0000ABC500001ADE AS DateTime), N'00', N'192.168.1.16', CAST(0x0000ABC500003810 AS DateTime), N'192.168.1.16', N'00')
INSERT [dbo].[Sys_GridColumn] ([Id], [FormName], [DgvName], [ColumnIndex], [ColumnName], [ColumnTitle], [ColumnType], [ColumnWidth], [Alignment], [IsReadOnly], [IsVisible], [IsAdSearch], [DataType], [AutoSizeMode], [FormatStr], [Remark], [AddTime], [AddUserId], [AddHost], [LastTime], [LastHost], [LastUserId]) VALUES (N'017242446B659939407D01', N'ZhCun.AccountManager.ViewReport.FrmTypeSum', N'dgv', 11, N'UseCount', N'使用次数', N'TextBox', 200, N'MiddleCenter', 1, 1, 0, N'string', N'NotSet', N'', N'', CAST(0x0000ABC500005D6C AS DateTime), N'00', N'192.168.1.16', NULL, NULL, NULL)
INSERT [dbo].[Sys_GridColumn] ([Id], [FormName], [DgvName], [ColumnIndex], [ColumnName], [ColumnTitle], [ColumnType], [ColumnWidth], [Alignment], [IsReadOnly], [IsVisible], [IsAdSearch], [DataType], [AutoSizeMode], [FormatStr], [Remark], [AddTime], [AddUserId], [AddHost], [LastTime], [LastHost], [LastUserId]) VALUES (N'030201', N'ZhCun.Win.ExtendGridCombox.FrmGridCombox', N'dgvColumn', 1, N'ColumnIndex', N'列顺序', N'TextBox', 0, N'MiddleCenter', 1, 1, 0, N'string', N'NotSet', N'', N'', CAST(0x0000ABC000B10BD7 AS DateTime), N'admin', NULL, NULL, NULL, NULL)
INSERT [dbo].[Sys_GridColumn] ([Id], [FormName], [DgvName], [ColumnIndex], [ColumnName], [ColumnTitle], [ColumnType], [ColumnWidth], [Alignment], [IsReadOnly], [IsVisible], [IsAdSearch], [DataType], [AutoSizeMode], [FormatStr], [Remark], [AddTime], [AddUserId], [AddHost], [LastTime], [LastHost], [LastUserId]) VALUES (N'030202', N'ZhCun.Win.ExtendGridCombox.FrmGridCombox', N'dgvColumn', 2, N'ColumnCaption', N'列标题', N'TextBox', 0, N'MiddleLeft', 1, 1, 0, N'string', N'NotSet', N'', N'', CAST(0x0000ABC000B10BD7 AS DateTime), N'admin', NULL, NULL, NULL, NULL)
INSERT [dbo].[Sys_GridColumn] ([Id], [FormName], [DgvName], [ColumnIndex], [ColumnName], [ColumnTitle], [ColumnType], [ColumnWidth], [Alignment], [IsReadOnly], [IsVisible], [IsAdSearch], [DataType], [AutoSizeMode], [FormatStr], [Remark], [AddTime], [AddUserId], [AddHost], [LastTime], [LastHost], [LastUserId]) VALUES (N'030203', N'ZhCun.Win.ExtendGridCombox.FrmGridCombox', N'dgvColumn', 3, N'FiledName', N'字段名', N'TextBox', 0, N'MiddleLeft', 1, 1, 0, N'string', N'NotSet', N'', N'', CAST(0x0000ABC000B10BD7 AS DateTime), N'admin', NULL, NULL, NULL, NULL)
INSERT [dbo].[Sys_GridColumn] ([Id], [FormName], [DgvName], [ColumnIndex], [ColumnName], [ColumnTitle], [ColumnType], [ColumnWidth], [Alignment], [IsReadOnly], [IsVisible], [IsAdSearch], [DataType], [AutoSizeMode], [FormatStr], [Remark], [AddTime], [AddUserId], [AddHost], [LastTime], [LastHost], [LastUserId]) VALUES (N'030204', N'ZhCun.Win.ExtendGridCombox.FrmGridCombox', N'dgvColumn', 4, N'IsVisible', N'是否可见', N'CheckBox', 0, N'MiddleCenter', 1, 1, 0, N'string', N'NotSet', N'', N'', CAST(0x0000ABC000B10BD7 AS DateTime), N'admin', NULL, NULL, NULL, NULL)
INSERT [dbo].[Sys_GridColumn] ([Id], [FormName], [DgvName], [ColumnIndex], [ColumnName], [ColumnTitle], [ColumnType], [ColumnWidth], [Alignment], [IsReadOnly], [IsVisible], [IsAdSearch], [DataType], [AutoSizeMode], [FormatStr], [Remark], [AddTime], [AddUserId], [AddHost], [LastTime], [LastHost], [LastUserId]) VALUES (N'030205', N'ZhCun.Win.ExtendGridCombox.FrmGridCombox', N'dgvColumn', 5, N'ColumnWidth', N'列宽', N'TextBox', 0, N'MiddleCenter', 1, 1, 0, N'string', N'NotSet', N'', N'', CAST(0x0000ABC000B10BD7 AS DateTime), N'admin', NULL, NULL, NULL, NULL)
INSERT [dbo].[Sys_GridColumn] ([Id], [FormName], [DgvName], [ColumnIndex], [ColumnName], [ColumnTitle], [ColumnType], [ColumnWidth], [Alignment], [IsReadOnly], [IsVisible], [IsAdSearch], [DataType], [AutoSizeMode], [FormatStr], [Remark], [AddTime], [AddUserId], [AddHost], [LastTime], [LastHost], [LastUserId]) VALUES (N'030206', N'ZhCun.Win.ExtendGridCombox.FrmGridCombox', N'dgvColumn', 6, N'FormatStr', N'文本格式化', N'TextBox', 0, N'MiddleLeft', 1, 1, 0, N'string', N'NotSet', N'', N'', CAST(0x0000ABC000B10BD7 AS DateTime), N'admin', NULL, NULL, NULL, NULL)
INSERT [dbo].[Sys_GridColumn] ([Id], [FormName], [DgvName], [ColumnIndex], [ColumnName], [ColumnTitle], [ColumnType], [ColumnWidth], [Alignment], [IsReadOnly], [IsVisible], [IsAdSearch], [DataType], [AutoSizeMode], [FormatStr], [Remark], [AddTime], [AddUserId], [AddHost], [LastTime], [LastHost], [LastUserId]) VALUES (N'030207', N'ZhCun.Win.ExtendGridCombox.FrmGridCombox', N'dgvColumn', 7, N'Alignment', N'对齐方式', N'TextBox', 0, N'MiddleLeft', 1, 1, 0, N'string', N'NotSet', N'', N'', CAST(0x0000ABC000B10BD7 AS DateTime), N'admin', NULL, NULL, NULL, NULL)
INSERT [dbo].[Sys_GridColumn] ([Id], [FormName], [DgvName], [ColumnIndex], [ColumnName], [ColumnTitle], [ColumnType], [ColumnWidth], [Alignment], [IsReadOnly], [IsVisible], [IsAdSearch], [DataType], [AutoSizeMode], [FormatStr], [Remark], [AddTime], [AddUserId], [AddHost], [LastTime], [LastHost], [LastUserId]) VALUES (N'030208', N'ZhCun.Win.ExtendGridCombox.FrmGridCombox', N'dgvColumn', 8, N'AutoSizeMode', N'大小模式', N'TextBox', 0, N'MiddleLeft', 1, 1, 0, N'string', N'NotSet', N'', N'', CAST(0x0000ABC000B10BD7 AS DateTime), N'admin', NULL, NULL, NULL, NULL)
INSERT [dbo].[Sys_GridColumn] ([Id], [FormName], [DgvName], [ColumnIndex], [ColumnName], [ColumnTitle], [ColumnType], [ColumnWidth], [Alignment], [IsReadOnly], [IsVisible], [IsAdSearch], [DataType], [AutoSizeMode], [FormatStr], [Remark], [AddTime], [AddUserId], [AddHost], [LastTime], [LastHost], [LastUserId]) VALUES (N'030209', N'ZhCun.Win.ExtendGridCombox.FrmGridCombox', N'dgvColumn', 9, N'ColumnType', N'列类型', N'TextBox', 0, N'MiddleLeft', 1, 1, 0, N'string', N'NotSet', N'', N'', CAST(0x0000ABC000B10BD7 AS DateTime), N'admin', NULL, NULL, NULL, NULL)
INSERT [dbo].[Sys_GridColumn] ([Id], [FormName], [DgvName], [ColumnIndex], [ColumnName], [ColumnTitle], [ColumnType], [ColumnWidth], [Alignment], [IsReadOnly], [IsVisible], [IsAdSearch], [DataType], [AutoSizeMode], [FormatStr], [Remark], [AddTime], [AddUserId], [AddHost], [LastTime], [LastHost], [LastUserId]) VALUES (N'030101', N'ZhCun.Win.ExtendGridCombox.FrmGridCombox', N'dgvMain', 1, N'FormName', N'窗体名称', N'TextBox', 300, N'NotSet', 1, 1, 1, N'string', N'NotSet', N'', N'', CAST(0x0000ABC000B10BD7 AS DateTime), N'admin', NULL, NULL, NULL, NULL)
INSERT [dbo].[Sys_GridColumn] ([Id], [FormName], [DgvName], [ColumnIndex], [ColumnName], [ColumnTitle], [ColumnType], [ColumnWidth], [Alignment], [IsReadOnly], [IsVisible], [IsAdSearch], [DataType], [AutoSizeMode], [FormatStr], [Remark], [AddTime], [AddUserId], [AddHost], [LastTime], [LastHost], [LastUserId]) VALUES (N'030102', N'ZhCun.Win.ExtendGridCombox.FrmGridCombox', N'dgvMain', 2, N'TextBoxName', N'控件名称', N'TextBox', 150, N'NotSet', 1, 1, 1, N'string', N'NotSet', N'', N'', CAST(0x0000ABC000B10BD7 AS DateTime), N'admin', NULL, NULL, NULL, NULL)
INSERT [dbo].[Sys_GridColumn] ([Id], [FormName], [DgvName], [ColumnIndex], [ColumnName], [ColumnTitle], [ColumnType], [ColumnWidth], [Alignment], [IsReadOnly], [IsVisible], [IsAdSearch], [DataType], [AutoSizeMode], [FormatStr], [Remark], [AddTime], [AddUserId], [AddHost], [LastTime], [LastHost], [LastUserId]) VALUES (N'030103', N'ZhCun.Win.ExtendGridCombox.FrmGridCombox', N'dgvMain', 3, N'MaxRowCount', N'显示行数', N'TextBox', 0, N'MiddleCenter', 1, 1, 1, N'string', N'DisplayedCells', N'', N'', CAST(0x0000ABC000B10BD7 AS DateTime), N'admin', NULL, NULL, NULL, NULL)
INSERT [dbo].[Sys_GridColumn] ([Id], [FormName], [DgvName], [ColumnIndex], [ColumnName], [ColumnTitle], [ColumnType], [ColumnWidth], [Alignment], [IsReadOnly], [IsVisible], [IsAdSearch], [DataType], [AutoSizeMode], [FormatStr], [Remark], [AddTime], [AddUserId], [AddHost], [LastTime], [LastHost], [LastUserId]) VALUES (N'030104', N'ZhCun.Win.ExtendGridCombox.FrmGridCombox', N'dgvMain', 4, N'RetrunTagField', N'Tag字段', N'TextBox', 0, N'NotSet', 1, 1, 1, N'string', N'DisplayedCells', N'', N'', CAST(0x0000ABC000B10BD7 AS DateTime), N'admin', NULL, NULL, NULL, NULL)
INSERT [dbo].[Sys_GridColumn] ([Id], [FormName], [DgvName], [ColumnIndex], [ColumnName], [ColumnTitle], [ColumnType], [ColumnWidth], [Alignment], [IsReadOnly], [IsVisible], [IsAdSearch], [DataType], [AutoSizeMode], [FormatStr], [Remark], [AddTime], [AddUserId], [AddHost], [LastTime], [LastHost], [LastUserId]) VALUES (N'030105', N'ZhCun.Win.ExtendGridCombox.FrmGridCombox', N'dgvMain', 5, N'ReturnTextField', N'文本字段', N'TextBox', 0, N'NotSet', 1, 1, 1, N'string', N'DisplayedCells', N'', N'', CAST(0x0000ABC000B10BD7 AS DateTime), N'admin', NULL, NULL, NULL, NULL)
INSERT [dbo].[Sys_GridColumn] ([Id], [FormName], [DgvName], [ColumnIndex], [ColumnName], [ColumnTitle], [ColumnType], [ColumnWidth], [Alignment], [IsReadOnly], [IsVisible], [IsAdSearch], [DataType], [AutoSizeMode], [FormatStr], [Remark], [AddTime], [AddUserId], [AddHost], [LastTime], [LastHost], [LastUserId]) VALUES (N'030106', N'ZhCun.Win.ExtendGridCombox.FrmGridCombox', N'dgvMain', 6, N'IsAnyKeyShow', N'任意键搜索', N'CheckBox', 0, N'MiddleCenter', 1, 1, 0, N'bool', N'DisplayedCells', N'', N'', CAST(0x0000ABC000B10BD7 AS DateTime), N'admin', NULL, NULL, NULL, NULL)
INSERT [dbo].[Sys_GridColumn] ([Id], [FormName], [DgvName], [ColumnIndex], [ColumnName], [ColumnTitle], [ColumnType], [ColumnWidth], [Alignment], [IsReadOnly], [IsVisible], [IsAdSearch], [DataType], [AutoSizeMode], [FormatStr], [Remark], [AddTime], [AddUserId], [AddHost], [LastTime], [LastHost], [LastUserId]) VALUES (N'030107', N'ZhCun.Win.ExtendGridCombox.FrmGridCombox', N'dgvMain', 7, N'IsAutoSelected', N'自动选中', N'CheckBox', 0, N'MiddleCenter', 1, 1, 0, N'bool', N'DisplayedCells', N'', N'', CAST(0x0000ABC000B10BD7 AS DateTime), N'admin', NULL, NULL, NULL, NULL)
INSERT [dbo].[Sys_GridColumn] ([Id], [FormName], [DgvName], [ColumnIndex], [ColumnName], [ColumnTitle], [ColumnType], [ColumnWidth], [Alignment], [IsReadOnly], [IsVisible], [IsAdSearch], [DataType], [AutoSizeMode], [FormatStr], [Remark], [AddTime], [AddUserId], [AddHost], [LastTime], [LastHost], [LastUserId]) VALUES (N'030109', N'ZhCun.Win.ExtendGridCombox.FrmGridCombox', N'dgvMain', 9, N'IsSendTabKey', N'回车即Tab', N'CheckBox', 0, N'MiddleCenter', 1, 1, 0, N'string', N'DisplayedCells', N'', N'', CAST(0x0000ABC000B10BD7 AS DateTime), N'admin', NULL, NULL, NULL, NULL)
INSERT [dbo].[Sys_GridColumn] ([Id], [FormName], [DgvName], [ColumnIndex], [ColumnName], [ColumnTitle], [ColumnType], [ColumnWidth], [Alignment], [IsReadOnly], [IsVisible], [IsAdSearch], [DataType], [AutoSizeMode], [FormatStr], [Remark], [AddTime], [AddUserId], [AddHost], [LastTime], [LastHost], [LastUserId]) VALUES (N'030108', N'ZhCun.Win.ExtendGridCombox.FrmGridCombox', N'dgvMain', 10, N'KeyPressMinlength', N'最小检索长度', N'TextBox', 0, N'MiddleCenter', 1, 1, 0, N'string', N'DisplayedCells', N'', N'', CAST(0x0000ABC000B10BD7 AS DateTime), N'admin', NULL, NULL, NULL, NULL)
INSERT [dbo].[Sys_GridColumn] ([Id], [FormName], [DgvName], [ColumnIndex], [ColumnName], [ColumnTitle], [ColumnType], [ColumnWidth], [Alignment], [IsReadOnly], [IsVisible], [IsAdSearch], [DataType], [AutoSizeMode], [FormatStr], [Remark], [AddTime], [AddUserId], [AddHost], [LastTime], [LastHost], [LastUserId]) VALUES (N'0001', N'ZhCun.Win.ExtendGridView.FrmGridColumn', N'dgv', 1, N'FormName', N'窗体名称', N'TextBox', 270, N'NotSet', 1, 1, 1, N'string', N'NotSet', N'', N'系统增加', CAST(0x0000ABC000B10BD7 AS DateTime), N'admin', NULL, NULL, NULL, NULL)
INSERT [dbo].[Sys_GridColumn] ([Id], [FormName], [DgvName], [ColumnIndex], [ColumnName], [ColumnTitle], [ColumnType], [ColumnWidth], [Alignment], [IsReadOnly], [IsVisible], [IsAdSearch], [DataType], [AutoSizeMode], [FormatStr], [Remark], [AddTime], [AddUserId], [AddHost], [LastTime], [LastHost], [LastUserId]) VALUES (N'0002', N'ZhCun.Win.ExtendGridView.FrmGridColumn', N'dgv', 2, N'DgvName', N'控件名称', N'TextBox', 100, N'NotSet', 1, 1, 1, N'string', N'NotSet', N'', N'系统增加', CAST(0x0000ABC000B10BD7 AS DateTime), N'admin', NULL, NULL, NULL, NULL)
INSERT [dbo].[Sys_GridColumn] ([Id], [FormName], [DgvName], [ColumnIndex], [ColumnName], [ColumnTitle], [ColumnType], [ColumnWidth], [Alignment], [IsReadOnly], [IsVisible], [IsAdSearch], [DataType], [AutoSizeMode], [FormatStr], [Remark], [AddTime], [AddUserId], [AddHost], [LastTime], [LastHost], [LastUserId]) VALUES (N'0003', N'ZhCun.Win.ExtendGridView.FrmGridColumn', N'dgv', 3, N'ColumnName', N'列名称', N'TextBox', 0, N'NotSet', 1, 1, 1, N'string', N'DisplayedCells', N'', N'系统增加', CAST(0x0000ABC000B10BD7 AS DateTime), N'admin', NULL, NULL, NULL, NULL)
INSERT [dbo].[Sys_GridColumn] ([Id], [FormName], [DgvName], [ColumnIndex], [ColumnName], [ColumnTitle], [ColumnType], [ColumnWidth], [Alignment], [IsReadOnly], [IsVisible], [IsAdSearch], [DataType], [AutoSizeMode], [FormatStr], [Remark], [AddTime], [AddUserId], [AddHost], [LastTime], [LastHost], [LastUserId]) VALUES (N'0004', N'ZhCun.Win.ExtendGridView.FrmGridColumn', N'dgv', 4, N'ColumnTitle', N'列标题', N'TextBox', 0, N'NotSet', 1, 1, 1, N'string', N'NotSet', N'', N'系统增加', CAST(0x0000ABC000B10BD7 AS DateTime), N'admin', NULL, NULL, NULL, NULL)
INSERT [dbo].[Sys_GridColumn] ([Id], [FormName], [DgvName], [ColumnIndex], [ColumnName], [ColumnTitle], [ColumnType], [ColumnWidth], [Alignment], [IsReadOnly], [IsVisible], [IsAdSearch], [DataType], [AutoSizeMode], [FormatStr], [Remark], [AddTime], [AddUserId], [AddHost], [LastTime], [LastHost], [LastUserId]) VALUES (N'0005', N'ZhCun.Win.ExtendGridView.FrmGridColumn', N'dgv', 5, N'ColumnIndex', N'列顺序', N'TextBox', 80, N'MiddleCenter', 1, 1, 1, N'string', N'NotSet', N'', N'系统增加', CAST(0x0000ABC000B10BD7 AS DateTime), N'admin', NULL, NULL, NULL, NULL)
INSERT [dbo].[Sys_GridColumn] ([Id], [FormName], [DgvName], [ColumnIndex], [ColumnName], [ColumnTitle], [ColumnType], [ColumnWidth], [Alignment], [IsReadOnly], [IsVisible], [IsAdSearch], [DataType], [AutoSizeMode], [FormatStr], [Remark], [AddTime], [AddUserId], [AddHost], [LastTime], [LastHost], [LastUserId]) VALUES (N'0006', N'ZhCun.Win.ExtendGridView.FrmGridColumn', N'dgv', 6, N'ColumnWidth', N'列宽', N'TextBox', 80, N'MiddleRight', 1, 1, 1, N'string', N'NotSet', N'', N'系统增加', CAST(0x0000ABC000B10BD7 AS DateTime), N'admin', NULL, NULL, NULL, NULL)
INSERT [dbo].[Sys_GridColumn] ([Id], [FormName], [DgvName], [ColumnIndex], [ColumnName], [ColumnTitle], [ColumnType], [ColumnWidth], [Alignment], [IsReadOnly], [IsVisible], [IsAdSearch], [DataType], [AutoSizeMode], [FormatStr], [Remark], [AddTime], [AddUserId], [AddHost], [LastTime], [LastHost], [LastUserId]) VALUES (N'0007', N'ZhCun.Win.ExtendGridView.FrmGridColumn', N'dgv', 7, N'IsReadOnly', N'是否只读', N'CheckBox', 80, N'MiddleCenter', 1, 1, 1, N'string', N'NotSet', N'', N'系统增加', CAST(0x0000ABC000B10BD7 AS DateTime), N'admin', NULL, NULL, NULL, NULL)
INSERT [dbo].[Sys_GridColumn] ([Id], [FormName], [DgvName], [ColumnIndex], [ColumnName], [ColumnTitle], [ColumnType], [ColumnWidth], [Alignment], [IsReadOnly], [IsVisible], [IsAdSearch], [DataType], [AutoSizeMode], [FormatStr], [Remark], [AddTime], [AddUserId], [AddHost], [LastTime], [LastHost], [LastUserId]) VALUES (N'0008', N'ZhCun.Win.ExtendGridView.FrmGridColumn', N'dgv', 8, N'IsAdSearch', N'高级搜索', N'CheckBox', 80, N'NotSet', 1, 1, 1, N'string', N'NotSet', N'', N'系统增加', CAST(0x0000ABC000B10BD7 AS DateTime), N'admin', NULL, NULL, NULL, NULL)
INSERT [dbo].[Sys_GridColumn] ([Id], [FormName], [DgvName], [ColumnIndex], [ColumnName], [ColumnTitle], [ColumnType], [ColumnWidth], [Alignment], [IsReadOnly], [IsVisible], [IsAdSearch], [DataType], [AutoSizeMode], [FormatStr], [Remark], [AddTime], [AddUserId], [AddHost], [LastTime], [LastHost], [LastUserId]) VALUES (N'0009', N'ZhCun.Win.ExtendGridView.FrmGridColumn', N'dgv', 9, N'ColumnType', N'列类型', N'TextBox', 100, N'NotSet', 1, 1, 1, N'string', N'NotSet', N'', N'系统增加', CAST(0x0000ABC000B10BD7 AS DateTime), N'admin', NULL, NULL, NULL, NULL)
INSERT [dbo].[Sys_GridColumn] ([Id], [FormName], [DgvName], [ColumnIndex], [ColumnName], [ColumnTitle], [ColumnType], [ColumnWidth], [Alignment], [IsReadOnly], [IsVisible], [IsAdSearch], [DataType], [AutoSizeMode], [FormatStr], [Remark], [AddTime], [AddUserId], [AddHost], [LastTime], [LastHost], [LastUserId]) VALUES (N'0010', N'ZhCun.Win.ExtendGridView.FrmGridColumn', N'dgv', 10, N'IsVisible', N'是否可见', N'CheckBox', 0, N'MiddleCenter', 1, 1, 1, N'string', N'NotSet', N'', N'系统增加', CAST(0x0000ABC000B10BD7 AS DateTime), N'admin', NULL, NULL, NULL, NULL)
INSERT [dbo].[Sys_GridColumn] ([Id], [FormName], [DgvName], [ColumnIndex], [ColumnName], [ColumnTitle], [ColumnType], [ColumnWidth], [Alignment], [IsReadOnly], [IsVisible], [IsAdSearch], [DataType], [AutoSizeMode], [FormatStr], [Remark], [AddTime], [AddUserId], [AddHost], [LastTime], [LastHost], [LastUserId]) VALUES (N'0011', N'ZhCun.Win.ExtendGridView.FrmGridColumn', N'dgv', 11, N'DataType', N'数据类型', N'TextBox', 0, N'NotSet', 1, 1, 1, N'string', N'NotSet', N'', N'系统增加', CAST(0x0000ABC000B10BD7 AS DateTime), N'admin', NULL, NULL, NULL, NULL)
INSERT [dbo].[Sys_GridColumn] ([Id], [FormName], [DgvName], [ColumnIndex], [ColumnName], [ColumnTitle], [ColumnType], [ColumnWidth], [Alignment], [IsReadOnly], [IsVisible], [IsAdSearch], [DataType], [AutoSizeMode], [FormatStr], [Remark], [AddTime], [AddUserId], [AddHost], [LastTime], [LastHost], [LastUserId]) VALUES (N'0012', N'ZhCun.Win.ExtendGridView.FrmGridColumn', N'dgv', 12, N'Alignment', N'对齐方式', N'TextBox', 150, N'MiddleLeft', 1, 1, 1, N'string', N'NotSet', N'', N'系统增加', CAST(0x0000ABC000B10BD7 AS DateTime), N'admin', NULL, NULL, NULL, NULL)
INSERT [dbo].[Sys_GridColumn] ([Id], [FormName], [DgvName], [ColumnIndex], [ColumnName], [ColumnTitle], [ColumnType], [ColumnWidth], [Alignment], [IsReadOnly], [IsVisible], [IsAdSearch], [DataType], [AutoSizeMode], [FormatStr], [Remark], [AddTime], [AddUserId], [AddHost], [LastTime], [LastHost], [LastUserId]) VALUES (N'0013', N'ZhCun.Win.ExtendGridView.FrmGridColumn', N'dgv', 13, N'AutoSizeMode', N'大小模式', N'TextBox', 200, N'MiddleLeft', 1, 1, 1, N'string', N'DisplayedCells', N'', N'系统增加', CAST(0x0000ABC000B10BD7 AS DateTime), N'admin', NULL, NULL, NULL, NULL)
INSERT [dbo].[Sys_GridColumn] ([Id], [FormName], [DgvName], [ColumnIndex], [ColumnName], [ColumnTitle], [ColumnType], [ColumnWidth], [Alignment], [IsReadOnly], [IsVisible], [IsAdSearch], [DataType], [AutoSizeMode], [FormatStr], [Remark], [AddTime], [AddUserId], [AddHost], [LastTime], [LastHost], [LastUserId]) VALUES (N'0014', N'ZhCun.Win.ExtendGridView.FrmGridColumn', N'dgv', 14, N'FormatStr', N'格式化字符', N'TextBox', 200, N'MiddleLeft', 1, 1, 1, N'string', N'DisplayedCells', N'', N'系统增加', CAST(0x0000ABC000B10BD7 AS DateTime), N'admin', NULL, NULL, NULL, NULL)
INSERT [dbo].[Sys_GridColumn] ([Id], [FormName], [DgvName], [ColumnIndex], [ColumnName], [ColumnTitle], [ColumnType], [ColumnWidth], [Alignment], [IsReadOnly], [IsVisible], [IsAdSearch], [DataType], [AutoSizeMode], [FormatStr], [Remark], [AddTime], [AddUserId], [AddHost], [LastTime], [LastHost], [LastUserId]) VALUES (N'0401', N'ZhCun.Win.ExtendSearch.FrmADRecord', N'dgv', 1, N'Caption', N'记录名称', N'TextBox', 100, N'NotSet', 1, 1, 0, N'string', N'NotSet', N'', N'', CAST(0x0000ABC000B10BD7 AS DateTime), N'admin', NULL, NULL, NULL, NULL)
INSERT [dbo].[Sys_GridColumn] ([Id], [FormName], [DgvName], [ColumnIndex], [ColumnName], [ColumnTitle], [ColumnType], [ColumnWidth], [Alignment], [IsReadOnly], [IsVisible], [IsAdSearch], [DataType], [AutoSizeMode], [FormatStr], [Remark], [AddTime], [AddUserId], [AddHost], [LastTime], [LastHost], [LastUserId]) VALUES (N'0402', N'ZhCun.Win.ExtendSearch.FrmADRecord', N'dgv', 2, N'CaptionCode', N'助记码', N'TextBox', 0, N'NotSet', 1, 1, 1, NULL, N'NotSet', N'', NULL, CAST(0x0000ABC000B10BD7 AS DateTime), N'admin', NULL, NULL, NULL, NULL)
INSERT [dbo].[Sys_GridColumn] ([Id], [FormName], [DgvName], [ColumnIndex], [ColumnName], [ColumnTitle], [ColumnType], [ColumnWidth], [Alignment], [IsReadOnly], [IsVisible], [IsAdSearch], [DataType], [AutoSizeMode], [FormatStr], [Remark], [AddTime], [AddUserId], [AddHost], [LastTime], [LastHost], [LastUserId]) VALUES (N'0101', N'ZhCun.Win.MenuRole.FrmMenu', N'dgvMenu', 1, N'MenuCaption', N'菜单名称', N'TextBox', 150, N'NotSet', 1, 1, 1, N'string', N'NotSet', N'', N'', CAST(0x0000ABC000B10BD7 AS DateTime), N'admin', NULL, NULL, NULL, NULL)
INSERT [dbo].[Sys_GridColumn] ([Id], [FormName], [DgvName], [ColumnIndex], [ColumnName], [ColumnTitle], [ColumnType], [ColumnWidth], [Alignment], [IsReadOnly], [IsVisible], [IsAdSearch], [DataType], [AutoSizeMode], [FormatStr], [Remark], [AddTime], [AddUserId], [AddHost], [LastTime], [LastHost], [LastUserId]) VALUES (N'0102', N'ZhCun.Win.MenuRole.FrmMenu', N'dgvMenu', 2, N'MenuName', N'菜单标识', N'TextBox', 500, N'NotSet', 1, 1, 1, N'string', N'NotSet', N'', N'', CAST(0x0000ABC000B10BD7 AS DateTime), N'admin', NULL, NULL, NULL, NULL)
INSERT [dbo].[Sys_GridColumn] ([Id], [FormName], [DgvName], [ColumnIndex], [ColumnName], [ColumnTitle], [ColumnType], [ColumnWidth], [Alignment], [IsReadOnly], [IsVisible], [IsAdSearch], [DataType], [AutoSizeMode], [FormatStr], [Remark], [AddTime], [AddUserId], [AddHost], [LastTime], [LastHost], [LastUserId]) VALUES (N'0103', N'ZhCun.Win.MenuRole.FrmMenu', N'dgvMenu', 4, N'OrderNo', N'排序', N'TextBox', 0, N'MiddleCenter', 1, 1, 1, N'int', N'DisplayedCells', N'', N'', CAST(0x0000ABC000B10BD7 AS DateTime), N'admin', NULL, NULL, NULL, NULL)
INSERT [dbo].[Sys_GridColumn] ([Id], [FormName], [DgvName], [ColumnIndex], [ColumnName], [ColumnTitle], [ColumnType], [ColumnWidth], [Alignment], [IsReadOnly], [IsVisible], [IsAdSearch], [DataType], [AutoSizeMode], [FormatStr], [Remark], [AddTime], [AddUserId], [AddHost], [LastTime], [LastHost], [LastUserId]) VALUES (N'0201', N'ZhCun.Win.MenuRole.FrmRoleMenu', N'dgvRole', 1, N'RoleName', N'角色名称', N'TextBox', 0, N'NotSet', 1, 1, 1, N'string', N'NotSet', N'', N'', CAST(0x0000ABC000B10BD7 AS DateTime), N'admin', NULL, NULL, NULL, NULL)
INSERT [dbo].[Sys_GridColumn] ([Id], [FormName], [DgvName], [ColumnIndex], [ColumnName], [ColumnTitle], [ColumnType], [ColumnWidth], [Alignment], [IsReadOnly], [IsVisible], [IsAdSearch], [DataType], [AutoSizeMode], [FormatStr], [Remark], [AddTime], [AddUserId], [AddHost], [LastTime], [LastHost], [LastUserId]) VALUES (N'0202', N'ZhCun.Win.MenuRole.FrmRoleMenu', N'dgvRoleMenu', 1, N'MenuCaption', N'菜单名称', N'TextBox', 150, N'NotSet', 1, 1, 1, N'string', N'NotSet', N'', N'', CAST(0x0000ABC000B10BD7 AS DateTime), N'admin', NULL, CAST(0x0000ABC10082C334 AS DateTime), N'192.168.1.38', N'00')
INSERT [dbo].[Sys_GridColumn] ([Id], [FormName], [DgvName], [ColumnIndex], [ColumnName], [ColumnTitle], [ColumnType], [ColumnWidth], [Alignment], [IsReadOnly], [IsVisible], [IsAdSearch], [DataType], [AutoSizeMode], [FormatStr], [Remark], [AddTime], [AddUserId], [AddHost], [LastTime], [LastHost], [LastUserId]) VALUES (N'0203', N'ZhCun.Win.MenuRole.FrmRoleMenu', N'dgvRoleMenu', 2, N'MenuName', N'菜单标识', N'TextBox', 150, N'NotSet', 1, 1, 1, N'string', N'None', N'', N'', CAST(0x0000ABC000B10BD7 AS DateTime), N'admin', NULL, CAST(0x0000ABC00128795B AS DateTime), N'192.168.1.38', N'00')
INSERT [dbo].[Sys_GridColumn] ([Id], [FormName], [DgvName], [ColumnIndex], [ColumnName], [ColumnTitle], [ColumnType], [ColumnWidth], [Alignment], [IsReadOnly], [IsVisible], [IsAdSearch], [DataType], [AutoSizeMode], [FormatStr], [Remark], [AddTime], [AddUserId], [AddHost], [LastTime], [LastHost], [LastUserId]) VALUES (N'0209', N'ZhCun.Win.MenuRole.FrmRoleMenu', N'dgvRoleMenu', 3, N'ToolBarOrderNo', N'工具栏排序', N'TextBox', 0, N'MiddleCenter', 1, 1, 1, N'string', N'ColumnHeader', N'', N'', CAST(0x0000ABC000B10BD7 AS DateTime), N'admin', NULL, NULL, NULL, NULL)
INSERT [dbo].[Sys_GridColumn] ([Id], [FormName], [DgvName], [ColumnIndex], [ColumnName], [ColumnTitle], [ColumnType], [ColumnWidth], [Alignment], [IsReadOnly], [IsVisible], [IsAdSearch], [DataType], [AutoSizeMode], [FormatStr], [Remark], [AddTime], [AddUserId], [AddHost], [LastTime], [LastHost], [LastUserId]) VALUES (N'0204', N'ZhCun.Win.MenuRole.FrmRoleMenu', N'dgvRoleMenu', 4, N'OrderNo', N'菜单排序', N'TextBox', 0, N'MiddleCenter', 1, 1, 1, N'int', N'ColumnHeader', N'', N'', CAST(0x0000ABC000B10BD7 AS DateTime), N'admin', NULL, NULL, NULL, NULL)
INSERT [dbo].[Sys_GridColumn] ([Id], [FormName], [DgvName], [ColumnIndex], [ColumnName], [ColumnTitle], [ColumnType], [ColumnWidth], [Alignment], [IsReadOnly], [IsVisible], [IsAdSearch], [DataType], [AutoSizeMode], [FormatStr], [Remark], [AddTime], [AddUserId], [AddHost], [LastTime], [LastHost], [LastUserId]) VALUES (N'0205', N'ZhCun.Win.MenuRole.FrmRoleMenu', N'dgvRoleMenu', 5, N'IsModalForm', N'模态窗口', N'CheckBox', 0, N'NotSet', 1, 1, 1, N'int', N'NotSet', N'', N'', CAST(0x0000ABC000B10BD7 AS DateTime), N'admin', NULL, NULL, NULL, NULL)
INSERT [dbo].[Sys_GridColumn] ([Id], [FormName], [DgvName], [ColumnIndex], [ColumnName], [ColumnTitle], [ColumnType], [ColumnWidth], [Alignment], [IsReadOnly], [IsVisible], [IsAdSearch], [DataType], [AutoSizeMode], [FormatStr], [Remark], [AddTime], [AddUserId], [AddHost], [LastTime], [LastHost], [LastUserId]) VALUES (N'0206', N'ZhCun.Win.MenuRole.FrmRoleMenu', N'dgvRoleMenu', 6, N'ToolBarVisible', N'工具栏显示', N'CheckBox', 90, N'NotSet', 1, 1, 1, N'bool', N'ColumnHeader', N'', N'', CAST(0x0000ABC000B10BD7 AS DateTime), N'admin', NULL, NULL, NULL, NULL)
INSERT [dbo].[Sys_GridColumn] ([Id], [FormName], [DgvName], [ColumnIndex], [ColumnName], [ColumnTitle], [ColumnType], [ColumnWidth], [Alignment], [IsReadOnly], [IsVisible], [IsAdSearch], [DataType], [AutoSizeMode], [FormatStr], [Remark], [AddTime], [AddUserId], [AddHost], [LastTime], [LastHost], [LastUserId]) VALUES (N'0208', N'ZhCun.Win.MenuRole.FrmRoleMenu', N'dgvRoleMenu', 7, N'ToolBarCaption', N'工具栏标题', N'TextBox', 0, N'NotSet', 1, 1, 1, N'string', N'ColumnHeader', N'', N'', CAST(0x0000ABC000B10BD7 AS DateTime), N'admin', NULL, NULL, NULL, NULL)
INSERT [dbo].[Sys_GridColumn] ([Id], [FormName], [DgvName], [ColumnIndex], [ColumnName], [ColumnTitle], [ColumnType], [ColumnWidth], [Alignment], [IsReadOnly], [IsVisible], [IsAdSearch], [DataType], [AutoSizeMode], [FormatStr], [Remark], [AddTime], [AddUserId], [AddHost], [LastTime], [LastHost], [LastUserId]) VALUES (N'0207', N'ZhCun.Win.MenuRole.FrmRoleMenu', N'dgvRoleMenu', 9, N'ToolBarIcon', N'工具栏图标', N'TextBox', 120, N'NotSet', 1, 1, 1, N'string', N'NotSet', N'', N'', CAST(0x0000ABC000B10BD7 AS DateTime), N'admin', NULL, NULL, NULL, NULL)
GO
print 'Processed 100 total records'
INSERT [dbo].[Sys_GridColumn] ([Id], [FormName], [DgvName], [ColumnIndex], [ColumnName], [ColumnTitle], [ColumnType], [ColumnWidth], [Alignment], [IsReadOnly], [IsVisible], [IsAdSearch], [DataType], [AutoSizeMode], [FormatStr], [Remark], [AddTime], [AddUserId], [AddHost], [LastTime], [LastHost], [LastUserId]) VALUES (N'0210', N'ZhCun.Win.MenuRole.FrmRoleMenu', N'dgvRoleMenu', 10, N'ToolBarSplit', N'工具栏分隔', N'CheckBox', 0, N'NotSet', 1, 1, 1, N'bool', N'ColumnHeader', N'', N'', CAST(0x0000ABC000B10BD7 AS DateTime), N'admin', NULL, NULL, NULL, NULL)
INSERT [dbo].[Sys_GridColumn] ([Id], [FormName], [DgvName], [ColumnIndex], [ColumnName], [ColumnTitle], [ColumnType], [ColumnWidth], [Alignment], [IsReadOnly], [IsVisible], [IsAdSearch], [DataType], [AutoSizeMode], [FormatStr], [Remark], [AddTime], [AddUserId], [AddHost], [LastTime], [LastHost], [LastUserId]) VALUES (N'0211', N'ZhCun.Win.MenuRole.FrmRoleMenu', N'dgvRoleMenu', 11, N'IsMenuSplit', N'菜单分隔', N'CheckBox', 0, N'NotSet', 1, 1, 0, N'bool', N'ColumnHeader', N'', N'', CAST(0x0000ABC000B10BD7 AS DateTime), N'admin', NULL, NULL, NULL, NULL)
